country,year,male_count,female_count
Chile,1925,4,3
Denmark,1925,1,3
France,1925,5,5
Germany,1925,7,5
Soviet Union,1925,14,7
UK,1925,2,2
USA,1925,66,35
France,1926,3,1
Germany,1926,2,2
Norway,1926,4,3
Soviet Union,1926,5,1
USA,1926,71,45
France,1927,9,7
Germany,1927,4,4
Soviet Union,1927,8,4
USA,1927,75,44
France,1928,6,5
Germany,1928,12,8
Japan,1928,4,4
Soviet Union,1928,4,4
UK,1928,13,7
USA,1928,64,46
France,1929,9,3
Germany,1929,16,8
India,1929,3,1
Japan,1929,4,3
Norway,1929,3,1
Soviet Union,1929,10,2
UK,1929,13,6
USA,1929,111,67
Czechoslovakia,1930,2,2
France,1930,12,6
Japan,1930,5,5
UK,1930,7,3
USA,1930,162,90
Brazil,1931,2,4
Canada,1931,3,1
Czechoslovakia,1931,2,2
France,1931,8,4
Germany,1931,12,8
India,1931,1,3
Japan,1931,1,3
Soviet Union,1931,8,3
UK,1931,2,2
USA,1931,233,160
Czechoslovakia,1932,3,1
France,1932,28,12
Germany,1932,11,5
Hungary,1932,1,3
Italy,1932,3,1
Japan,1932,1,3
Soviet Union,1932,3,1
UK,1932,5,3
USA,1932,241,150
Austria,1933,3,1
Canada,1933,2,2
Czechoslovakia,1933,3,1
Germany,1933,10,6
Italy,1933,3,1
Japan,1933,7,7
UK,1933,17,4
USA,1933,256,172
China,1934,3,1
Czechoslovakia,1934,3,1
France,1934,14,10
Germany,1934,2,2
Italy,1934,2,2
Japan,1934,10,8
Mexico,1934,12,4
Poland,1934,2,2
Soviet Union,1934,7,7
Switzerland,1934,2,2
UK,1934,15,9
USA,1934,264,177
Argentina,1935,3,1
China,1935,4,1
France,1935,14,10
Germany,1935,6,3
Japan,1935,4,12
Soviet Union,1935,15,3
Sweden,1935,7,5
UK,1935,41,22
USA,1935,260,154
Finland,1936,2,2
France,1936,16,15
Germany,1936,7,5
Japan,1936,9,9
Poland,1936,3,1
Soviet Union,1936,12,3
Sweden,1936,5,2
UK,1936,20,8
USA,1936,263,164
China,1937,12,2
France,1937,19,9
Germany,1937,11,6
Hungary,1937,2,2
Japan,1937,3,1
Norway,1937,3,3
Poland,1937,3,1
Soviet Union,1937,6,2
Sweden,1937,3,1
UK,1937,35,13
USA,1937,301,165
France,1938,19,9
Germany,1938,3,5
Japan,1938,8,2
Sweden,1938,6,4
UK,1938,25,11
USA,1938,262,149
Czechoslovakia,1939,2,2
France,1939,17,7
Germany,1939,2,2
Japan,1939,11,1
Portugal,1939,3,1
Soviet Union,1939,5,3
Sweden,1939,3,1
Switzerland,1939,3,1
Turkey,1939,3,2
UK,1939,21,12
USA,1939,317,161
France,1940,2,2
Germany,1940,10,4
Italy,1940,2,2
Norway,1940,3,1
Soviet Union,1940,6,2
Sweden,1940,2,2
UK,1940,38,14
USA,1940,331,175
China,1941,6,1
Czechoslovakia,1941,3,5
Egypt,1941,2,2
Finland,1941,3,3
France,1941,2,2
Germany,1941,3,1
India,1941,4,1
Italy,1941,2,4
Japan,1941,10,6
Mexico,1941,4,4
Soviet Union,1941,3,1
UK,1941,34,11
USA,1941,347,195
Austria,1942,3,1
France,1942,19,9
Germany,1942,3,1
Hungary,1942,2,2
Italy,1942,6,6
Portugal,1942,6,2
Soviet Union,1942,1,3
UK,1942,28,12
USA,1942,300,176
Denmark,1943,1,3
Finland,1943,2,2
France,1943,8,8
Germany,1943,9,3
Italy,1943,13,7
Japan,1943,3,1
Mexico,1943,11,5
Portugal,1943,2,2
Soviet Union,1943,4,4
UK,1943,33,19
USA,1943,290,142
Denmark,1944,3,1
Finland,1944,3,3
France,1944,3,5
Germany,1944,5,4
Japan,1944,4,3
Mexico,1944,2,2
Soviet Union,1944,6,6
Spain,1944,5,3
Sweden,1944,3,1
UK,1944,21,20
USA,1944,249,152
Denmark,1945,3,1
Finland,1945,2,2
France,1945,5,7
Germany,1945,3,1
Italy,1945,3,1
Japan,1945,8,1
Mexico,1945,3,1
Spain,1945,2,2
Sweden,1945,5,3
UK,1945,27,17
USA,1945,284,158
Australia,1946,2,2
Finland,1946,3,1
France,1946,12,4
Italy,1946,2,2
Japan,1946,7,9
Mexico,1946,6,2
Soviet Union,1946,3,1
Sweden,1946,5,7
UK,1946,34,18
USA,1946,271,159
Canada,1947,3,1
Denmark,1947,2,2
France,1947,13,7
Germany,1947,6,2
Italy,1947,5,3
Japan,1947,5,3
Mexico,1947,13,7
Portugal,1947,3,1
Soviet Union,1947,9,3
Sweden,1947,7,5
UK,1947,40,24
USA,1947,284,180
Argentina,1948,3,1
China,1948,5,3
Finland,1948,2,2
France,1948,10,6
Germany,1948,3,1
Greece,1948,1,3
Hungary,1948,3,1
Italy,1948,23,17
Japan,1948,11,4
Mexico,1948,11,9
Soviet Union,1948,1,3
Sweden,1948,7,5
Switzerland,1948,3,1
UK,1948,54,32
USA,1948,308,161
China,1949,2,2
Egypt,1949,2,2
France,1949,31,13
Hungary,1949,2,2
India,1949,2,2
Italy,1949,26,14
Japan,1949,5,7
Mexico,1949,12,4
Spain,1949,2,2
Sweden,1949,7,5
Turkey,1949,3,1
UK,1949,59,37
USA,1949,246,135
Denmark,1950,5,3
Egypt,1950,2,2
France,1950,16,8
Greece,1950,3,3
Italy,1950,14,10
Japan,1950,3,5
Mexico,1950,16,8
Portugal,1950,4,3
Soviet Union,1950,3,1
Spain,1950,5,3
Sweden,1950,5,3
UK,1950,52,32
USA,1950,304,159
East Germany,1951,3,1
Finland,1951,7,1
France,1951,25,21
India,1951,2,2
Italy,1951,10,6
Japan,1951,4,12
Mexico,1951,11,9
Spain,1951,4,4
Sweden,1951,3,1
UK,1951,54,18
USA,1951,348,183
West Germany,1951,7,5
Yugoslavia,1951,3,1
Argentina,1952,3,1
Austria,1952,1,3
Bulgaria,1952,3,1
Canada,1952,1,3
Czechoslovakia,1952,2,2
Finland,1952,2,2
France,1952,41,23
India,1952,10,10
Italy,1952,26,18
Japan,1952,13,7
Mexico,1952,5,3
Soviet Union,1952,2,2
Sweden,1952,1,3
Switzerland,1952,2,2
Turkey,1952,2,2
UK,1952,68,40
USA,1952,327,162
West Germany,1952,5,3
Austria,1953,2,2
Denmark,1953,3,1
Finland,1953,3,1
France,1953,38,28
Greece,1953,5,3
Hungary,1953,3,1
India,1953,10,6
Italy,1953,30,30
Japan,1953,12,8
Mexico,1953,7,9
Soviet Union,1953,6,2
Spain,1953,6,2
Sweden,1953,3,1
UK,1953,104,44
USA,1953,307,168
West Germany,1953,2,2
Yugoslavia,1953,3,1
Argentina,1954,3,3
Australia,1954,3,1
Canada,1954,3,1
Denmark,1954,3,1
Finland,1954,3,1
France,1954,40,20
Greece,1954,10,11
India,1954,4,4
Italy,1954,55,29
Japan,1954,10,14
Mexico,1954,14,6
New Zealand,1954,3,1
Soviet Union,1954,7,5
Spain,1954,5,5
Sweden,1954,3,5
Switzerland,1954,4,4
UK,1954,55,33
USA,1954,270,150
West Germany,1954,16,8
Austria,1955,4,8
Belgium,1955,1,3
Czechoslovakia,1955,8,1
Denmark,1955,6,2
Egypt,1955,3,2
Finland,1955,7,5
France,1955,33,23
Greece,1955,3,1
Hong Kong,1955,3,1
India,1955,4,6
Israel,1955,3,1
Italy,1955,26,26
Japan,1955,16,8
Mexico,1955,6,6
Poland,1955,3,1
Soviet Union,1955,12,4
Spain,1955,13,5
Sweden,1955,2,2
Switzerland,1955,6,2
UK,1955,65,37
USA,1955,305,157
West Germany,1955,12,8
Argentina,1956,3,1
China,1956,2,3
Czechoslovakia,1956,3,1
East Germany,1956,3,1
Egypt,1956,2,2
Finland,1956,3,1
France,1956,25,17
Hungary,1956,1,3
India,1956,10,6
Italy,1956,26,13
Japan,1956,15,13
Mexico,1956,3,1
Soviet Union,1956,21,11
Spain,1956,7,5
Sweden,1956,2,2
UK,1956,70,30
USA,1956,287,164
West Germany,1956,9,3
Yugoslavia,1956,3,1
Argentina,1957,1,3
Brazil,1957,2,2
Cuba,1957,1,3
East Germany,1957,6,2
Egypt,1957,5,7
Finland,1957,1,3
France,1957,30,18
India,1957,16,8
Italy,1957,29,23
Japan,1957,16,12
Mexico,1957,12,8
Norway,1957,5,3
Soviet Union,1957,15,5
Spain,1957,8,4
Sweden,1957,4,4
Switzerland,1957,3,1
UK,1957,98,38
USA,1957,283,161
West Germany,1957,3,1
Yugoslavia,1957,2,2
Czechoslovakia,1958,7,1
Denmark,1958,7,1
East Germany,1958,2,2
Egypt,1958,6,3
Finland,1958,2,2
France,1958,38,30
Greece,1958,8,5
Hungary,1958,5,3
India,1958,11,5
Italy,1958,36,20
Japan,1958,21,15
Mexico,1958,4,4
Netherlands,1958,6,2
Norway,1958,5,3
Poland,1958,4,4
Soviet Union,1958,14,7
Spain,1958,19,9
Sweden,1958,8,12
Switzerland,1958,6,2
Turkey,1958,3,1
UK,1958,100,43
USA,1958,283,144
West Germany,1958,16,8
Yugoslavia,1958,7,5
Australia,1959,2,2
Brazil,1959,1,3
Canada,1959,3,1
Czechoslovakia,1959,4,2
Denmark,1959,8,3
Egypt,1959,2,4
France,1959,75,49
Greece,1959,9,6
Hong Kong,1959,3,1
India,1959,12,10
Ireland,1959,2,2
Italy,1959,68,44
Japan,1959,20,16
Mexico,1959,16,4
Monaco,1959,2,2
Norway,1959,7,6
Poland,1959,9,3
Soviet Union,1959,9,3
Spain,1959,13,7
Sweden,1959,5,3
Switzerland,1959,6,4
UK,1959,66,31
USA,1959,202,113
West Germany,1959,27,17
Yugoslavia,1959,2,2
China,1960,2,2
Czechoslovakia,1960,6,2
Denmark,1960,6,4
East Germany,1960,7,1
Egypt,1960,7,3
Finland,1960,3,1
France,1960,76,58
Greece,1960,22,14
Hong Kong,1960,5,3
India,1960,22,18
Italy,1960,76,60
Japan,1960,29,27
Netherlands,1960,2,2
Poland,1960,5,7
South Korea,1960,2,4
Soviet Union,1960,15,6
Spain,1960,5,3
Sweden,1960,4,4
Turkey,1960,5,1
UK,1960,102,47
USA,1960,183,95
West Germany,1960,28,20
Yugoslavia,1960,9,7
Argentina,1961,2,2
Austria,1961,2,2
Canada,1961,2,2
China,1961,3,2
Denmark,1961,14,2
East Germany,1961,2,2
Egypt,1961,3,1
Finland,1961,3,1
France,1961,80,50
Greece,1961,19,9
India,1961,12,11
Italy,1961,92,56
Japan,1961,16,24
Mexico,1961,4,3
Norway,1961,3,1
Poland,1961,8,4
Portugal,1961,1,1
South Africa,1961,3,1
Soviet Union,1961,41,19
Spain,1961,16,8
Sweden,1961,13,8
Switzerland,1961,2,2
UK,1961,73,35
USA,1961,172,97
West Germany,1961,28,16
Yugoslavia,1961,21,11
Austria,1962,4,4
Brazil,1962,7,1
Bulgaria,1962,5,4
Czechoslovakia,1962,13,4
Denmark,1962,8,4
East Germany,1962,4,1
Egypt,1962,8,4
Finland,1962,6,2
France,1962,90,68
Greece,1962,20,19
India,1962,8,8
Italy,1962,100,62
Japan,1962,33,15
Mexico,1962,15,9
Norway,1962,3,1
Poland,1962,2,2
Soviet Union,1962,29,11
Spain,1962,21,11
Sweden,1962,5,3
UK,1962,99,33
USA,1962,184,98
West Germany,1962,35,17
Yugoslavia,1962,21,7
Austria,1963,2,2
Brazil,1963,5,3
Canada,1963,5,3
Czechoslovakia,1963,8,4
Denmark,1963,6,6
East Germany,1963,1,7
Egypt,1963,22,11
France,1963,77,38
Greece,1963,21,12
Hong Kong,1963,2,4
Hungary,1963,2,2
India,1963,3,5
Italy,1963,88,47
Japan,1963,33,20
Mexico,1963,9,7
Netherlands,1963,3,1
Poland,1963,5,3
Romania,1963,2,2
Soviet Union,1963,8,8
Spain,1963,12,8
Sri Lanka,1963,2,2
Sweden,1963,5,3
Switzerland,1963,2,2
Turkey,1963,2,2
UK,1963,92,42
USA,1963,166,105
West Germany,1963,18,10
Yugoslavia,1963,10,6
Argentina,1964,5,3
Brazil,1964,8,4
Czechoslovakia,1964,10,6
Denmark,1964,10,6
East Germany,1964,7,1
Finland,1964,2,2
France,1964,84,59
Greece,1964,23,14
India,1964,29,15
Israel,1964,6,2
Italy,1964,92,64
Japan,1964,47,30
Malta,1964,2,2
Mexico,1964,4,4
Netherlands,1964,1,3
Philippines,1964,3,1
Poland,1964,6,2
Soviet Union,1964,20,8
Spain,1964,22,18
Sweden,1964,9,3
Turkey,1964,7,8
UK,1964,97,56
USA,1964,170,129
West Germany,1964,42,22
Yugoslavia,1964,10,2
Afghanistan,1965,3,1
Argentina,1965,6,2
Brazil,1965,5,3
Canada,1965,2,2
Czechoslovakia,1965,10,2
Denmark,1965,9,3
East Germany,1965,2,2
Egypt,1965,7,4
France,1965,74,45
Greece,1965,19,13
Hungary,1965,10,6
India,1965,26,12
Italy,1965,82,56
Japan,1965,47,25
Mexico,1965,5,3
Morocco,1965,3,1
Poland,1965,15,6
Romania,1965,5,7
South Africa,1965,3,1
South Korea,1965,2,2
Soviet Union,1965,38,14
Spain,1965,38,17
Sweden,1965,3,1
Switzerland,1965,2,2
Turkey,1965,12,5
UK,1965,74,37
USA,1965,199,98
West Germany,1965,22,10
Yugoslavia,1965,16,6
Algeria,1966,3,1
Australia,1966,2,2
Austria,1966,5,3
Bolivia,1966,1,3
Canada,1966,5,3
Czechoslovakia,1966,22,8
Denmark,1966,8,8
East Germany,1966,6,2
Finland,1966,5,3
France,1966,67,32
Greece,1966,23,19
India,1966,16,13
Israel,1966,3,1
Italy,1966,99,41
Japan,1966,41,22
Norway,1966,4,6
Poland,1966,8,8
Portugal,1966,2,2
Romania,1966,8,4
Soviet Union,1966,20,9
Spain,1966,43,15
Sweden,1966,9,7
Turkey,1966,18,14
UK,1966,76,36
USA,1966,166,101
West Germany,1966,29,11
Yugoslavia,1966,16,4
Algeria,1967,3,1
Argentina,1967,5,3
Bangladesh,1967,3,1
Brazil,1967,6,2
Canada,1967,3,1
Chile,1967,3,1
Czechoslovakia,1967,14,9
Denmark,1967,7,5
Egypt,1967,5,3
France,1967,62,31
Greece,1967,45,28
Hong Kong,1967,0,4
Hungary,1967,6,2
India,1967,10,10
Israel,1967,3,1
Italy,1967,112,51
Japan,1967,38,22
Mexico,1967,8,4
Monaco,1967,6,2
Pakistan,1967,5,3
Poland,1967,4,4
South Africa,1967,2,2
Soviet Union,1967,28,16
Spain,1967,31,17
Sweden,1967,11,12
Switzerland,1967,3,1
Turkey,1967,2,2
UK,1967,81,39
USA,1967,218,112
West Germany,1967,39,17
Yugoslavia,1967,16,8
Argentina,1968,2,2
Belgium,1968,3,1
Brazil,1968,3,1
Chile,1968,3,1
Cuba,1968,1,3
Czechoslovakia,1968,6,2
Denmark,1968,9,5
East Germany,1968,2,2
Egypt,1968,6,4
Finland,1968,2,2
France,1968,83,52
Greece,1968,37,23
Hong Kong,1968,4,4
Hungary,1968,2,2
India,1968,11,9
Israel,1968,3,1
Italy,1968,148,57
Japan,1968,33,19
Liechtenstein,1968,3,1
Mexico,1968,19,9
Philippines,1968,5,2
Poland,1968,6,2
Romania,1968,6,2
Soviet Union,1968,31,14
Spain,1968,32,13
Sweden,1968,13,7
Turkey,1968,2,2
UK,1968,111,53
USA,1968,196,123
West Germany,1968,31,17
Yugoslavia,1968,2,2
Argentina,1969,2,2
Belgium,1969,6,2
Brazil,1969,17,10
Canada,1969,6,5
Chile,1969,5,3
Czechoslovakia,1969,6,6
Denmark,1969,3,1
Egypt,1969,5,3
Finland,1969,13,3
France,1969,74,40
Greece,1969,36,20
Hong Kong,1969,11,9
Hungary,1969,3,1
India,1969,14,9
Iran,1969,3,1
Italy,1969,128,72
Japan,1969,47,28
Mexico,1969,8,4
Netherlands,1969,3,1
Norway,1969,3,1
Poland,1969,5,7
Romania,1969,4,4
Soviet Union,1969,34,12
Spain,1969,32,20
Sweden,1969,13,9
Switzerland,1969,10,3
Turkey,1969,25,15
UK,1969,115,49
USA,1969,222,113
West Germany,1969,33,27
Yugoslavia,1969,23,7
Algeria,1970,2,2
Australia,1970,3,1
Belgium,1970,10,10
Brazil,1970,13,6
Canada,1970,2,2
Croatia,1970,6,2
Czechoslovakia,1970,11,5
Denmark,1970,11,9
East Germany,1970,3,1
Egypt,1970,2,2
France,1970,91,55
Greece,1970,23,11
Hong Kong,1970,5,3
Hungary,1970,8,4
India,1970,26,18
Iran,1970,5,3
Ireland,1970,5,3
Israel,1970,3,1
Italy,1970,131,60
Japan,1970,33,22
Liechtenstein,1970,6,2
Mexico,1970,16,4
Morocco,1970,3,1
Niger,1970,3,1
Norway,1970,12,4
Panama,1970,2,2
Poland,1970,8,4
Soviet Union,1970,34,18
Spain,1970,56,32
Sweden,1970,4,8
Switzerland,1970,7,5
Turkey,1970,24,12
UK,1970,96,52
USA,1970,240,123
Venezuela,1970,2,2
West Germany,1970,54,29
Yugoslavia,1970,18,6
Australia,1971,12,4
Austria,1971,2,2
Belgium,1971,7,5
Brazil,1971,15,3
Bulgaria,1971,8,1
Canada,1971,4,4
Cuba,1971,3,1
Czechoslovakia,1971,20,12
Denmark,1971,15,5
East Germany,1971,7,1
Egypt,1971,7,5
Finland,1971,6,6
France,1971,111,77
Greece,1971,25,17
Hong Kong,1971,15,9
Hungary,1971,1,3
India,1971,30,22
Iran,1971,3,1
Italy,1971,149,85
Japan,1971,31,21
Liechtenstein,1971,3,1
Mexico,1971,12,4
Netherlands,1971,7,5
Panama,1971,3,1
Soviet Union,1971,33,12
Spain,1971,47,29
Sweden,1971,17,7
Switzerland,1971,6,6
Taiwan,1971,7,4
Tunisia,1971,2,2
Turkey,1971,38,21
UK,1971,126,71
USA,1971,246,137
Venezuela,1971,3,1
West Germany,1971,52,38
Yugoslavia,1971,11,5
Algeria,1972,9,1
Angola,1972,3,1
Belgium,1972,3,1
Brazil,1972,7,1
Bulgaria,1972,3,1
Canada,1972,13,7
Czechoslovakia,1972,11,9
Denmark,1972,3,1
East Germany,1972,3,1
Egypt,1972,8,2
France,1972,114,53
Greece,1972,27,18
Hong Kong,1972,37,11
Hungary,1972,0,4
India,1972,23,13
Iran,1972,4,4
Israel,1972,2,2
Italy,1972,182,86
Jamaica,1972,3,1
Japan,1972,47,22
Kuwait,1972,2,2
Mexico,1972,11,9
Monaco,1972,7,5
Norway,1972,6,2
Philippines,1972,10,2
Poland,1972,2,2
Portugal,1972,5,3
Romania,1972,11,1
South Korea,1972,5,2
Soviet Union,1972,33,10
Spain,1972,55,25
Sri Lanka,1972,5,1
Sweden,1972,10,2
Switzerland,1972,0,4
Taiwan,1972,5,3
Turkey,1972,41,19
UK,1972,103,63
USA,1972,261,135
West Germany,1972,78,44
Yugoslavia,1972,9,3
Argentina,1973,6,2
Australia,1973,5,5
Austria,1973,1,3
Bangladesh,1973,3,1
Brazil,1973,4,4
Canada,1973,19,8
Chile,1973,2,2
Czechoslovakia,1973,2,2
Denmark,1973,15,8
East Germany,1973,4,4
Finland,1973,2,2
France,1973,136,65
Greece,1973,14,13
Hong Kong,1973,27,12
India,1973,23,11
Iran,1973,13,3
Italy,1973,179,93
Japan,1973,36,38
Lebanon,1973,3,1
Liechtenstein,1973,2,2
Mexico,1973,18,6
Monaco,1973,2,2
Netherlands,1973,4,4
Panama,1973,3,1
Philippines,1973,6,10
Poland,1973,8,4
Portugal,1973,2,2
Romania,1973,3,5
Senegal,1973,5,2
South Korea,1973,3,1
Soviet Union,1973,22,15
Spain,1973,61,47
Sweden,1973,2,2
Switzerland,1973,4,4
Taiwan,1973,10,5
Turkey,1973,25,10
UK,1973,80,30
USA,1973,312,141
West Germany,1973,46,38
Yugoslavia,1973,18,8
Argentina,1974,2,2
Austria,1974,0,4
Belgium,1974,2,2
Brazil,1974,2,2
Bulgaria,1974,3,1
Canada,1974,21,15
Czechoslovakia,1974,4,1
Denmark,1974,13,3
East Germany,1974,6,2
Finland,1974,3,1
France,1974,90,44
Greece,1974,9,2
Hong Kong,1974,26,8
Hungary,1974,7,9
India,1974,28,15
Iran,1974,16,2
Italy,1974,113,63
Japan,1974,48,28
Mexico,1974,6,2
Niger,1974,4,2
Norway,1974,8,6
Panama,1974,3,1
Philippines,1974,3,9
Poland,1974,11,5
Romania,1974,11,5
South Africa,1974,2,2
Soviet Union,1974,23,9
Spain,1974,20,18
Sweden,1974,6,12
Switzerland,1974,4,4
Turkey,1974,38,15
UK,1974,76,40
USA,1974,250,141
Venezuela,1974,2,2
West Germany,1974,26,26
Yugoslavia,1974,7,1
Algeria,1975,3,1
Argentina,1975,7,3
Australia,1975,4,4
Austria,1975,3,1
Belgium,1975,3,5
Brazil,1975,4,4
Bulgaria,1975,5,3
Canada,1975,11,5
Chile,1975,4,3
Czechoslovakia,1975,7,5
Denmark,1975,3,1
Egypt,1975,6,6
Ethiopia,1975,3,3
Finland,1975,2,2
France,1975,80,49
Greece,1975,4,3
Hong Kong,1975,17,16
Hungary,1975,10,6
India,1975,15,5
Israel,1975,5,3
Italy,1975,118,63
Japan,1975,27,16
Mexico,1975,6,10
Netherlands,1975,7,9
Norway,1975,7,5
Philippines,1975,5,6
Poland,1975,10,4
Portugal,1975,2,2
Romania,1975,10,6
Senegal,1975,2,2
Singapore,1975,2,2
South Africa,1975,2,2
Soviet Union,1975,24,4
Spain,1975,28,28
Sweden,1975,9,7
Switzerland,1975,6,2
Taiwan,1975,9,3
Turkey,1975,79,28
UK,1975,61,23
USA,1975,205,112
West Germany,1975,48,28
Yugoslavia,1975,17,3
Andorra,1976,3,3
Australia,1976,15,9
Austria,1976,2,2
Belgium,1976,6,2
Brazil,1976,8,4
Bulgaria,1976,5,4
Canada,1976,13,11
Czechoslovakia,1976,6,6
Denmark,1976,10,6
East Germany,1976,2,2
Egypt,1976,3,1
Finland,1976,2,2
France,1976,87,59
Greece,1976,12,7
Hong Kong,1976,58,16
Hungary,1976,3,5
India,1976,21,12
Iran,1976,10,2
Israel,1976,3,1
Italy,1976,110,56
Japan,1976,31,25
Kuwait,1976,3,1
Lebanon,1976,3,1
Libya,1976,6,2
Mexico,1976,17,4
Morocco,1976,6,2
Netherlands,1976,2,2
Norway,1976,8,4
Philippines,1976,11,7
Poland,1976,13,3
Portugal,1976,3,1
Romania,1976,21,3
Saudi Arabia,1976,6,2
Soviet Union,1976,15,13
Spain,1976,12,10
Sweden,1976,9,3
Switzerland,1976,7,5
Taiwan,1976,26,6
Turkey,1976,44,16
UK,1976,51,38
USA,1976,213,115
West Germany,1976,50,24
Yugoslavia,1976,11,5
Albania,1977,3,1
Algeria,1977,5,1
Australia,1977,4,4
Austria,1977,2,2
Belgium,1977,10,2
Brazil,1977,6,2
Bulgaria,1977,2,2
Canada,1977,16,18
Cuba,1977,2,2
Czechoslovakia,1977,11,7
Denmark,1977,3,5
Egypt,1977,3,4
France,1977,59,53
Greece,1977,2,2
Hong Kong,1977,39,8
Hungary,1977,4,4
Iceland,1977,3,1
India,1977,46,15
Iran,1977,14,7
Ireland,1977,3,1
Israel,1977,6,2
Italy,1977,128,62
Japan,1977,13,15
Mexico,1977,2,2
Monaco,1977,2,2
Netherlands,1977,9,3
Norway,1977,2,2
Poland,1977,12,4
Senegal,1977,5,1
South Korea,1977,5,3
Soviet Union,1977,38,26
Spain,1977,20,16
Sweden,1977,6,2
Switzerland,1977,6,11
Taiwan,1977,17,2
Turkey,1977,38,13
UK,1977,41,31
USA,1977,205,99
Venezuela,1977,2,2
West Germany,1977,22,20
Yugoslavia,1977,10,2
Argentina,1978,1,3
Australia,1978,12,4
Austria,1978,3,1
Belgium,1978,4,4
Brazil,1978,15,7
Canada,1978,20,12
Czechoslovakia,1978,17,3
Denmark,1978,13,7
Egypt,1978,2,2
Finland,1978,2,2
France,1978,66,32
Greece,1978,5,1
Hong Kong,1978,68,19
Hungary,1978,10,2
India,1978,29,22
Iran,1978,5,3
Ireland,1978,6,1
Israel,1978,9,3
Italy,1978,84,51
Japan,1978,23,12
Mexico,1978,2,2
Netherlands,1978,6,2
Philippines,1978,6,2
Poland,1978,11,5
Portugal,1978,3,1
Romania,1978,10,2
Soviet Union,1978,24,11
Spain,1978,25,19
Sweden,1978,6,8
Switzerland,1978,3,1
Taiwan,1978,18,4
Turkey,1978,29,19
UK,1978,65,41
USA,1978,261,125
West Germany,1978,42,27
Yugoslavia,1978,13,3
Argentina,1979,3,1
Australia,1979,8,6
Austria,1979,2,2
Belgium,1979,7,3
Bulgaria,1979,4,4
Canada,1979,17,7
China,1979,5,5
Czechoslovakia,1979,8,4
Denmark,1979,6,2
East Germany,1979,2,2
Egypt,1979,6,2
France,1979,57,42
Greece,1979,8,4
Hong Kong,1979,62,13
Hungary,1979,10,11
India,1979,23,13
Ireland,1979,3,1
Israel,1979,4,4
Italy,1979,57,38
Japan,1979,19,14
Mexico,1979,11,1
Netherlands,1979,5,5
Norway,1979,6,7
Poland,1979,7,5
Romania,1979,7,1
South Africa,1979,4,3
South Korea,1979,3,4
Soviet Union,1979,32,23
Spain,1979,27,19
Sweden,1979,1,3
Switzerland,1979,6,6
Taiwan,1979,21,6
Turkey,1979,31,9
UK,1979,76,27
USA,1979,263,116
West Germany,1979,25,23
Yugoslavia,1979,15,1
Argentina,1980,3,1
Australia,1980,13,3
Austria,1980,2,2
Belgium,1980,4,4
Botswana,1980,3,1
Brazil,1980,13,11
Bulgaria,1980,1,3
Canada,1980,32,20
Cyprus,1980,3,3
Czechoslovakia,1980,13,5
East Germany,1980,2,2
Finland,1980,2,2
France,1980,65,43
Germany,1980,3,1
Greece,1980,3,3
Hong Kong,1980,51,17
Hungary,1980,8,6
India,1980,40,16
Indonesia,1980,3,1
Italy,1980,105,52
Japan,1980,34,29
Mexico,1980,5,3
Netherlands,1980,5,3
Philippines,1980,5,1
Poland,1980,5,4
Portugal,1980,7,4
Romania,1980,9,3
South Africa,1980,3,1
Soviet Union,1980,24,19
Spain,1980,32,27
Sweden,1980,9,3
Switzerland,1980,4,8
Taiwan,1980,2,2
Turkey,1980,19,8
UK,1980,40,20
USA,1980,243,115
West Germany,1980,33,29
Yugoslavia,1980,21,11
Argentina,1981,4,2
Australia,1981,23,5
Austria,1981,6,2
Brazil,1981,13,9
Bulgaria,1981,13,5
Canada,1981,30,18
Czechoslovakia,1981,7,1
Denmark,1981,6,6
Egypt,1981,15,5
Finland,1981,3,1
France,1981,49,38
Greece,1981,20,10
Hong Kong,1981,42,13
Hungary,1981,14,6
Iceland,1981,6,5
India,1981,49,23
Italy,1981,64,42
Japan,1981,23,22
Malta,1981,3,1
Mexico,1981,10,6
Netherlands,1981,9,11
Norway,1981,8,3
Philippines,1981,3,1
Poland,1981,11,5
Portugal,1981,3,1
Romania,1981,7,10
South Korea,1981,4,4
Soviet Union,1981,23,15
Spain,1981,22,20
Sweden,1981,15,9
Switzerland,1981,8,4
Turkey,1981,11,6
UK,1981,56,28
USA,1981,236,129
West Germany,1981,38,27
Yugoslavia,1981,6,2
Zambia,1981,3,1
Argentina,1982,6,2
Australia,1982,20,8
Belgium,1982,3,1
Brazil,1982,12,16
Bulgaria,1982,9,3
Burkina Faso,1982,5,4
Canada,1982,28,12
China,1982,14,7
Costa Rica,1982,3,1
Cuba,1982,5,3
Czechoslovakia,1982,5,3
Denmark,1982,7,1
Egypt,1982,11,4
Finland,1982,6,2
France,1982,81,50
Greece,1982,21,4
Hong Kong,1982,62,12
Hungary,1982,10,2
India,1982,50,41
Indonesia,1982,1,3
Iran,1982,3,1
Ireland,1982,3,1
Israel,1982,7,1
Italy,1982,62,38
Japan,1982,40,34
Mali,1982,6,1
Mexico,1982,9,7
Netherlands,1982,9,3
New Zealand,1982,2,2
Nicaragua,1982,3,1
Norway,1982,6,2
Philippines,1982,5,7
Poland,1982,3,6
Portugal,1982,2,2
Romania,1982,14,5
Soviet Union,1982,16,12
Spain,1982,31,24
Sweden,1982,10,2
Switzerland,1982,10,6
Taiwan,1982,10,4
Turkey,1982,32,16
UK,1982,42,25
USA,1982,252,130
West Germany,1982,36,21
Yugoslavia,1982,13,7
Argentina,1983,11,5
Australia,1983,11,9
Austria,1983,5,3
Bahamas,1983,2,2
Belgium,1983,2,2
Brazil,1983,2,2
Bulgaria,1983,4,1
Canada,1983,25,19
China,1983,1,2
Czechoslovakia,1983,20,8
Denmark,1983,4,4
Egypt,1983,12,3
Finland,1983,3,1
France,1983,84,52
Greece,1983,2,2
Hong Kong,1983,34,8
Hungary,1983,14,6
India,1983,43,18
Israel,1983,6,2
Italy,1983,77,41
Japan,1983,20,18
Mexico,1983,9,3
Netherlands,1983,4,4
New Zealand,1983,7,1
Panama,1983,3,1
Philippines,1983,5,3
Portugal,1983,7,5
Romania,1983,3,1
South Africa,1983,2,2
Soviet Union,1983,35,20
Spain,1983,42,30
Sweden,1983,1,3
Switzerland,1983,4,4
Taiwan,1983,15,5
Turkey,1983,33,24
UK,1983,56,28
USA,1983,230,112
West Germany,1983,41,31
Yugoslavia,1983,26,10
Argentina,1984,2,2
Aruba,1984,3,1
Australia,1984,11,5
Bangladesh,1984,2,2
Belgium,1984,3,1
Brazil,1984,11,9
Bulgaria,1984,3,1
Canada,1984,18,10
China,1984,3,1
Czechoslovakia,1984,12,8
Denmark,1984,9,3
Egypt,1984,7,5
Finland,1984,7,5
France,1984,63,41
Greece,1984,9,3
Hong Kong,1984,32,12
Hungary,1984,10,6
India,1984,77,39
Indonesia,1984,3,1
Italy,1984,74,27
Japan,1984,15,26
Mexico,1984,9,3
Netherlands,1984,5,3
New Zealand,1984,1,3
Norway,1984,5,3
Poland,1984,9,3
Portugal,1984,7,5
Puerto Rico,1984,2,2
Saudi Arabia,1984,3,1
Soviet Union,1984,16,10
Spain,1984,30,16
Sweden,1984,9,3
Syria,1984,8,2
Taiwan,1984,5,3
Turkey,1984,28,17
UK,1984,39,17
USA,1984,329,168
Vietnam,1984,5,2
West Germany,1984,19,9
Yugoslavia,1984,22,14
Argentina,1985,9,7
Australia,1985,11,5
Austria,1985,4,4
Belgium,1985,2,2
Brazil,1985,10,6
Canada,1985,35,19
Cuba,1985,3,1
Czechoslovakia,1985,9,7
Denmark,1985,8,4
East Germany,1985,6,2
Egypt,1985,11,9
Finland,1985,9,3
France,1985,68,56
Greece,1985,3,5
Hong Kong,1985,28,16
Hungary,1985,8,4
India,1985,49,32
Israel,1985,5,3
Italy,1985,52,45
Japan,1985,18,15
Mexico,1985,12,4
Netherlands,1985,12,8
New Zealand,1985,13,3
Norway,1985,12,6
Philippines,1985,7,5
Poland,1985,14,11
Portugal,1985,3,5
Romania,1985,9,7
South Korea,1985,3,1
Soviet Union,1985,26,15
Spain,1985,19,17
Sweden,1985,13,7
Switzerland,1985,10,12
Turkey,1985,44,28
UK,1985,70,40
USA,1985,307,156
West Germany,1985,37,27
Yugoslavia,1985,18,10
Albania,1986,2,2
Argentina,1986,23,9
Australia,1986,16,11
Belgium,1986,10,6
Brazil,1986,10,4
Bulgaria,1986,2,2
Canada,1986,36,14
China,1986,9,1
Czechoslovakia,1986,15,4
Denmark,1986,2,2
Egypt,1986,18,4
Finland,1986,9,5
France,1986,82,54
Gibraltar,1986,3,1
Greece,1986,15,10
Hong Kong,1986,61,24
Hungary,1986,7,4
India,1986,53,27
Indonesia,1986,2,2
Iran,1986,2,2
Ireland,1986,3,1
Israel,1986,9,3
Italy,1986,69,35
Japan,1986,32,31
Mexico,1986,15,11
Netherlands,1986,15,9
New Zealand,1986,2,2
North Korea,1986,9,1
Norway,1986,8,4
Philippines,1986,11,1
Poland,1986,3,1
Portugal,1986,2,2
Romania,1986,2,2
Soviet Union,1986,21,3
Spain,1986,22,14
Sweden,1986,5,3
Switzerland,1986,12,4
Taiwan,1986,8,3
Tunisia,1986,8,2
Turkey,1986,24,10
UK,1986,37,17
USA,1986,355,205
West Germany,1986,34,19
Yugoslavia,1986,28,8
Argentina,1987,22,6
Australia,1987,23,16
Bahamas,1987,3,1
Belgium,1987,10,5
Brazil,1987,12,8
Canada,1987,36,32
China,1987,14,6
Czechoslovakia,1987,18,5
Denmark,1987,15,13
Egypt,1987,2,3
Finland,1987,5,3
France,1987,83,41
Greece,1987,6,2
Hong Kong,1987,49,27
Hungary,1987,5,7
India,1987,61,25
Indonesia,1987,3,1
Iran,1987,7,1
Israel,1987,10,2
Italy,1987,92,52
Japan,1987,27,17
Kenya,1987,2,2
Mexico,1987,13,7
Netherlands,1987,15,9
New Zealand,1987,6,2
Norway,1987,2,2
Palestine,1987,3,1
Philippines,1987,6,2
Poland,1987,13,7
Portugal,1987,3,1
Romania,1987,3,5
South Africa,1987,6,2
South Korea,1987,1,3
Soviet Union,1987,29,12
Spain,1987,35,17
Sweden,1987,22,10
Switzerland,1987,3,7
Taiwan,1987,17,8
Tunisia,1987,3,1
Turkey,1987,18,9
UK,1987,74,42
USA,1987,394,215
West Germany,1987,39,15
Yugoslavia,1987,16,8
Argentina,1988,10,2
Australia,1988,37,11
Belgium,1988,7,5
Bulgaria,1988,4,4
Canada,1988,54,26
Colombia,1988,5,1
Cuba,1988,3,1
Czechoslovakia,1988,9,5
Denmark,1988,7,5
East Germany,1988,3,1
Egypt,1988,7,5
Federal Republic of Yugoslavia,1988,3,1
Finland,1988,9,3
France,1988,70,42
Germany,1988,2,2
Hong Kong,1988,73,31
Hungary,1988,4,4
Iceland,1988,3,1
India,1988,79,49
Indonesia,1988,3,1
Iran,1988,3,1
Ireland,1988,11,5
Israel,1988,1,3
Italy,1988,92,61
Japan,1988,44,25
Luxembourg,1988,3,1
Mexico,1988,11,9
Netherlands,1988,4,4
New Zealand,1988,7,1
Norway,1988,15,5
Philippines,1988,6,2
Poland,1988,7,5
Portugal,1988,3,1
South Africa,1988,16,12
Soviet Union,1988,35,14
Spain,1988,32,12
Sweden,1988,14,6
Switzerland,1988,8,6
Taiwan,1988,4,4
Turkey,1988,26,10
UK,1988,68,42
USA,1988,476,284
West Germany,1988,35,23
Yugoslavia,1988,25,7
Zimbabwe,1988,2,2
Argentina,1989,5,3
Australia,1989,19,9
Austria,1989,3,1
Bangladesh,1989,2,2
Belgium,1989,11,7
Brazil,1989,7,5
Bulgaria,1989,6,2
Canada,1989,58,34
China,1989,6,5
Cuba,1989,3,1
Czechoslovakia,1989,21,11
Denmark,1989,11,5
East Germany,1989,4,4
Egypt,1989,9,4
France,1989,97,65
Hong Kong,1989,59,25
Hungary,1989,13,7
India,1989,96,49
Iran,1989,25,11
Ireland,1989,2,2
Italy,1989,90,38
Japan,1989,36,15
Mexico,1989,14,10
Netherlands,1989,7,5
Norway,1989,19,9
Peru,1989,4,2
Philippines,1989,14,6
Poland,1989,12,8
Portugal,1989,7,5
Romania,1989,7,1
South Africa,1989,12,4
South Korea,1989,9,3
Soviet Union,1989,26,8
Spain,1989,27,13
Sweden,1989,14,6
Switzerland,1989,9,7
Taiwan,1989,2,2
Turkey,1989,6,6
UK,1989,56,42
USA,1989,518,269
West Germany,1989,40,24
Yugoslavia,1989,25,11
Argentina,1990,5,3
Australia,1990,20,12
Brazil,1990,12,9
Burkina Faso,1990,3,1
Canada,1990,50,30
Chile,1990,2,2
Colombia,1990,4,2
Denmark,1990,3,5
East Germany,1990,3,5
Egypt,1990,3,1
Finland,1990,19,9
France,1990,75,44
Germany,1990,25,10
Greece,1990,1,2
Hong Kong,1990,96,34
Hungary,1990,5,3
Iceland,1990,1,3
India,1990,97,47
Iran,1990,11,7
Ireland,1990,3,1
Israel,1990,4,4
Italy,1990,49,23
Japan,1990,30,22
Netherlands,1990,4,4
New Zealand,1990,0,4
Norway,1990,8,4
Peru,1990,3,1
Philippines,1990,9,3
Poland,1990,10,8
Portugal,1990,7,1
Romania,1990,6,2
South Africa,1990,6,2
Soviet Union,1990,39,22
Spain,1990,12,4
Sweden,1990,13,7
Switzerland,1990,6,2
Taiwan,1990,13,3
Tunisia,1990,3,1
Turkey,1990,23,14
UK,1990,77,39
USA,1990,452,240
West Germany,1990,8,4
Yugoslavia,1990,13,3
Argentina,1991,6,2
Australia,1991,22,10
Azerbaijan,1991,2,2
Belgium,1991,12,4
Brazil,1991,6,6
Bulgaria,1991,6,2
Canada,1991,41,23
Chile,1991,3,1
China,1991,2,2
Cuba,1991,1,3
Czechoslovakia,1991,12,6
Denmark,1991,22,10
Finland,1991,11,5
France,1991,110,72
Germany,1991,46,29
Greece,1991,2,2
Hong Kong,1991,73,37
Hungary,1991,6,6
Iceland,1991,3,1
India,1991,103,58
Iran,1991,0,4
Ireland,1991,8,4
Israel,1991,6,2
Italy,1991,79,36
Jamaica,1991,3,1
Japan,1991,55,47
Lithuania,1991,2,2
Mexico,1991,8,8
Netherlands,1991,8,4
Norway,1991,20,11
Poland,1991,9,5
Portugal,1991,8,7
Russia,1991,3,1
South Africa,1991,6,2
Soviet Union,1991,20,15
Spain,1991,13,11
Sweden,1991,28,12
Switzerland,1991,11,9
Taiwan,1991,7,5
Turkey,1991,13,7
UK,1991,82,55
USA,1991,399,193
Venezuela,1991,2,2
Yugoslavia,1991,17,7
Argentina,1992,5,3
Australia,1992,25,18
Austria,1992,6,2
Belgium,1992,9,3
Brazil,1992,3,1
Burkina Faso,1992,2,2
Canada,1992,35,13
China,1992,8,4
Czech Republic,1992,3,1
Denmark,1992,10,6
Egypt,1992,6,5
Estonia,1992,5,3
Federal Republic of Yugoslavia,1992,6,6
Finland,1992,12,4
France,1992,115,64
Germany,1992,34,26
Hong Kong,1992,76,35
Hungary,1992,8,8
Iceland,1992,6,2
India,1992,116,63
Indonesia,1992,2,2
Iran,1992,13,3
Ireland,1992,3,1
Israel,1992,3,1
Italy,1992,41,27
Japan,1992,50,30
Latvia,1992,4,2
Mexico,1992,9,2
Netherlands,1992,14,8
New Zealand,1992,5,7
Norway,1992,7,5
Poland,1992,11,1
Portugal,1992,7,5
Romania,1992,6,4
Russia,1992,16,8
Senegal,1992,2,2
Slovenia,1992,3,1
South Korea,1992,5,3
Soviet Union,1992,4,2
Spain,1992,22,10
Sweden,1992,13,7
Switzerland,1992,11,9
Taiwan,1992,7,1
Thailand,1992,3,1
Turkey,1992,17,10
UK,1992,61,35
USA,1992,370,202
Argentina,1993,17,7
Australia,1993,22,6
Austria,1993,9,3
Azerbaijan,1993,3,1
Bangladesh,1993,3,1
Belgium,1993,17,7
Canada,1993,46,26
China,1993,23,11
Cuba,1993,3,1
Czech Republic,1993,3,1
Czechoslovakia,1993,2,2
Denmark,1993,13,7
Egypt,1993,2,2
Federal Republic of Yugoslavia,1993,8,4
Finland,1993,12,10
France,1993,85,52
Germany,1993,43,20
Hong Kong,1993,85,65
Hungary,1993,8,4
Iceland,1993,2,2
India,1993,142,64
Indonesia,1993,7,1
Iran,1993,6,3
Ireland,1993,3,1
Israel,1993,8,4
Italy,1993,38,23
Japan,1993,38,17
Luxembourg,1993,6,2
Mexico,1993,8,4
Netherlands,1993,17,5
Norway,1993,10,6
Peru,1993,3,1
Poland,1993,11,5
Portugal,1993,1,3
Romania,1993,16,7
Russia,1993,18,13
Slovakia,1993,8,6
South Africa,1993,3,1
South Korea,1993,3,1
Spain,1993,24,19
Sweden,1993,13,7
Switzerland,1993,12,11
Taiwan,1993,9,2
Turkey,1993,6,2
UK,1993,73,35
Ukraine,1993,7,1
USA,1993,430,233
Algeria,1994,9,2
Australia,1994,15,9
Austria,1994,6,2
Bangladesh,1994,5,3
Belgium,1994,13,7
Canada,1994,57,35
China,1994,24,12
Croatia,1994,2,2
Czech Republic,1994,11,5
Denmark,1994,19,9
Egypt,1994,6,2
Estonia,1994,3,1
Federal Republic of Yugoslavia,1994,5,3
Finland,1994,13,3
France,1994,135,72
Georgia,1994,1,3
Germany,1994,81,27
Greece,1994,3,1
Guatemala,1994,3,1
Hong Kong,1994,85,43
Hungary,1994,11,5
Iceland,1994,3,1
India,1994,86,54
Iran,1994,7,5
Ireland,1994,5,7
Israel,1994,2,2
Italy,1994,46,22
Japan,1994,51,26
Mexico,1994,15,9
Netherlands,1994,11,5
New Zealand,1994,7,9
Norway,1994,6,2
Peru,1994,6,2
Philippines,1994,4,4
Poland,1994,13,10
Portugal,1994,8,4
Romania,1994,3,3
Russia,1994,19,7
Senegal,1994,1,2
South Africa,1994,12,4
South Korea,1994,3,1
Spain,1994,37,19
Sweden,1994,8,4
Switzerland,1994,20,11
Taiwan,1994,9,8
Turkey,1994,13,11
UK,1994,87,49
USA,1994,487,252
Argentina,1995,7,3
Australia,1995,9,7
Austria,1995,9,7
Bangladesh,1995,5,3
Belarus,1995,2,2
Belgium,1995,20,16
Brazil,1995,7,5
Bulgaria,1995,3,1
Burkina Faso,1995,1,3
Canada,1995,72,40
China,1995,8,8
Croatia,1995,3,1
Cuba,1995,3,1
Czech Republic,1995,8,4
Denmark,1995,16,12
Egypt,1995,6,1
Federal Republic of Yugoslavia,1995,13,7
Finland,1995,10,6
France,1995,98,74
Germany,1995,58,34
Greece,1995,5,3
Hong Kong,1995,55,33
Hungary,1995,6,2
India,1995,82,37
Indonesia,1995,1,3
Iran,1995,17,10
Ireland,1995,8,6
Italy,1995,25,19
Japan,1995,51,39
Mali,1995,1,3
Mexico,1995,6,2
Netherlands,1995,15,13
New Zealand,1995,3,1
Norway,1995,12,4
Philippines,1995,1,3
Poland,1995,17,7
Portugal,1995,5,3
Russia,1995,15,5
Singapore,1995,7,1
Slovakia,1995,2,2
South Korea,1995,6,2
Soviet Union,1995,1,3
Spain,1995,41,31
Sweden,1995,24,12
Switzerland,1995,12,8
Syria,1995,2,2
Taiwan,1995,14,6
Thailand,1995,3,1
Turkey,1995,5,3
UK,1995,105,59
USA,1995,504,288
Venezuela,1995,1,3
Argentina,1996,10,6
Australia,1996,29,19
Austria,1996,5,3
Bangladesh,1996,4,1
Belgium,1996,13,15
Brazil,1996,1,3
Bulgaria,1996,2,2
Canada,1996,74,38
Colombia,1996,5,3
Cuba,1996,3,1
Czech Republic,1996,17,11
Denmark,1996,13,17
Egypt,1996,5,2
Federal Republic of Yugoslavia,1996,3,1
Finland,1996,8,8
France,1996,115,84
Georgia,1996,2,2
Germany,1996,52,35
Greece,1996,9,3
Hong Kong,1996,36,20
Hungary,1996,7,1
Iceland,1996,1,3
India,1996,87,51
Iran,1996,19,4
Ireland,1996,13,11
Israel,1996,4,3
Italy,1996,36,28
Japan,1996,39,24
Lithuania,1996,3,1
Luxembourg,1996,5,3
Mexico,1996,18,8
Netherlands,1996,14,10
New Zealand,1996,3,1
Norway,1996,8,12
Palestine,1996,2,1
Poland,1996,14,2
Portugal,1996,13,7
Romania,1996,9,7
Russia,1996,6,6
South Africa,1996,10,3
South Korea,1996,13,14
Spain,1996,45,41
Sweden,1996,21,18
Switzerland,1996,9,11
Taiwan,1996,6,2
Tunisia,1996,1,3
Turkey,1996,5,3
UK,1996,99,69
Ukraine,1996,6,2
USA,1996,563,332
Argentina,1997,15,9
Australia,1997,16,19
Austria,1997,7,1
Belgium,1997,15,9
Brazil,1997,9,7
Bulgaria,1997,5,3
Canada,1997,116,67
Chile,1997,2,2
China,1997,19,11
Costa Rica,1997,3,1
Croatia,1997,5,3
Czech Republic,1997,11,9
Denmark,1997,28,16
Dominican Republic,1997,2,2
Egypt,1997,9,3
Estonia,1997,6,2
Federal Republic of Yugoslavia,1997,6,5
Finland,1997,11,1
France,1997,132,98
Germany,1997,61,47
Greece,1997,10,8
Hong Kong,1997,42,29
Hungary,1997,19,5
India,1997,115,54
Ireland,1997,14,6
Israel,1997,2,2
Italy,1997,53,27
Japan,1997,70,69
Latvia,1997,3,3
Lithuania,1997,6,2
Mexico,1997,9,7
Netherlands,1997,13,7
New Zealand,1997,9,3
Norway,1997,11,5
Philippines,1997,7,1
Poland,1997,11,5
Portugal,1997,11,9
Republic of Macedonia,1997,2,2
Romania,1997,4,4
Russia,1997,22,4
Slovakia,1997,4,4
Slovenia,1997,2,2
South Africa,1997,3,1
South Korea,1997,23,12
Spain,1997,47,29
Sweden,1997,39,21
Switzerland,1997,18,6
Taiwan,1997,4,4
Turkey,1997,8,4
UK,1997,99,62
Ukraine,1997,4,4
USA,1997,610,356
Argentina,1998,20,16
Aruba,1998,3,1
Australia,1998,24,24
Austria,1998,12,4
Bangladesh,1998,1,3
Belgium,1998,23,17
Bolivia,1998,3,1
Brazil,1998,9,8
Bulgaria,1998,6,2
Cambodia,1998,1,3
Canada,1998,100,60
Chile,1998,2,2
China,1998,8,3
Colombia,1998,3,1
Cuba,1998,2,2
Czech Republic,1998,10,10
Denmark,1998,26,13
Egypt,1998,6,2
Federal Republic of Yugoslavia,1998,13,3
Finland,1998,9,7
France,1998,149,96
Germany,1998,76,39
Greece,1998,13,3
Hong Kong,1998,48,26
Hungary,1998,2,6
Iceland,1998,8,4
India,1998,102,66
Iran,1998,5,3
Ireland,1998,24,12
Israel,1998,2,2
Italy,1998,50,27
Japan,1998,68,48
Lebanon,1998,3,1
Mexico,1998,10,6
Netherlands,1998,20,11
New Zealand,1998,6,2
Norway,1998,15,5
Philippines,1998,3,1
Poland,1998,14,6
Portugal,1998,18,10
Puerto Rico,1998,3,1
Romania,1998,3,1
Russia,1998,22,10
Slovakia,1998,3,1
South Korea,1998,10,13
Spain,1998,59,49
Svalbard And Jan Mayen,1998,3,1
Sweden,1998,15,12
Switzerland,1998,10,10
Taiwan,1998,6,2
Tajikistan,1998,2,2
Turkey,1998,13,3
UK,1998,135,84
USA,1998,704,373
Argentina,1999,20,12
Australia,1999,24,12
Austria,1999,12,10
Belgium,1999,12,8
Brazil,1999,10,10
Bulgaria,1999,9,2
Canada,1999,128,70
Chile,1999,3,1
China,1999,20,9
Colombia,1999,2,2
Croatia,1999,13,6
Cyprus,1999,4,4
Czech Republic,1999,18,10
Denmark,1999,16,12
Egypt,1999,17,8
Federal Republic of Yugoslavia,1999,2,2
Finland,1999,28,16
France,1999,180,125
Germany,1999,130,68
Greece,1999,12,16
Hong Kong,1999,59,34
Hungary,1999,13,10
Iceland,1999,4,4
India,1999,133,71
Iran,1999,20,12
Ireland,1999,12,8
Isle Of Man,1999,2,2
Israel,1999,7,5
Italy,1999,68,45
Japan,1999,65,55
Kazakhstan,1999,3,1
Luxembourg,1999,6,2
Mexico,1999,9,3
Netherlands,1999,19,5
New Zealand,1999,2,2
Nigeria,1999,2,2
Norway,1999,12,12
Philippines,1999,3,1
Poland,1999,26,14
Portugal,1999,11,9
Puerto Rico,1999,3,1
Romania,1999,3,1
Russia,1999,17,7
Senegal,1999,2,4
Singapore,1999,2,2
Slovakia,1999,3,1
South Africa,1999,6,2
South Korea,1999,25,14
Spain,1999,66,44
Sweden,1999,27,17
Switzerland,1999,14,12
Taiwan,1999,2,2
Turkey,1999,19,10
UK,1999,127,84
USA,1999,665,381
Vietnam,1999,2,2
Algeria,2000,3,1
Argentina,2000,20,8
Australia,2000,25,19
Austria,2000,6,2
Belgium,2000,23,21
Bosnia and Herzegovina,2000,2,2
Brazil,2000,21,11
Canada,2000,97,59
Chile,2000,8,8
China,2000,14,10
Colombia,2000,10,2
Croatia,2000,6,2
Cuba,2000,5,3
Czech Republic,2000,15,13
Denmark,2000,29,13
Egypt,2000,11,3
Federal Republic of Yugoslavia,2000,6,2
Finland,2000,8,8
France,2000,160,110
Germany,2000,164,88
Greece,2000,17,14
Hong Kong,2000,57,36
Hungary,2000,15,5
Iceland,2000,9,3
India,2000,141,74
Iran,2000,15,17
Ireland,2000,9,3
Israel,2000,2,2
Italy,2000,64,38
Japan,2000,89,68
Lithuania,2000,2,2
Luxembourg,2000,5,3
Mexico,2000,14,6
Netherlands,2000,15,9
New Zealand,2000,5,7
Norway,2000,12,6
Pakistan,2000,2,2
Peru,2000,3,1
Philippines,2000,7,5
Poland,2000,26,10
Portugal,2000,16,5
Russia,2000,14,11
Singapore,2000,5,3
Slovakia,2000,5,3
Slovenia,2000,3,1
South Africa,2000,7,1
South Korea,2000,28,21
Spain,2000,87,39
Sri Lanka,2000,1,3
Sweden,2000,41,33
Switzerland,2000,8,13
Taiwan,2000,5,2
Thailand,2000,6,2
Tunisia,2000,0,4
Turkey,2000,15,4
UK,2000,138,80
Uruguay,2000,3,1
USA,2000,604,378
Venezuela,2000,3,1
Algeria,2001,1,3
Argentina,2001,23,15
Aruba,2001,3,1
Australia,2001,43,27
Austria,2001,14,9
Azerbaijan,2001,4,2
Bangladesh,2001,2,2
Belgium,2001,16,7
Brazil,2001,20,12
Bulgaria,2001,6,2
Canada,2001,145,93
Chile,2001,14,6
China,2001,23,15
Colombia,2001,3,1
Croatia,2001,8,4
Cuba,2001,3,1
Czech Republic,2001,12,8
Denmark,2001,31,17
Egypt,2001,11,7
Federal Republic of Yugoslavia,2001,8,4
Finland,2001,19,12
France,2001,197,109
Germany,2001,169,94
Greece,2001,25,19
Hong Kong,2001,66,45
Hungary,2001,26,10
Iceland,2001,3,5
India,2001,129,64
Iran,2001,27,9
Ireland,2001,9,3
Israel,2001,10,6
Italy,2001,77,53
Japan,2001,86,63
Luxembourg,2001,5,3
Mexico,2001,29,17
Netherlands,2001,23,21
New Zealand,2001,6,2
Norway,2001,8,4
Philippines,2001,4,4
Poland,2001,15,9
Portugal,2001,25,9
Romania,2001,7,6
Russia,2001,23,17
Senegal,2001,1,3
Slovenia,2001,6,2
South Africa,2001,12,4
South Korea,2001,37,29
Spain,2001,71,54
Sweden,2001,34,18
Switzerland,2001,22,26
Taiwan,2001,14,10
Thailand,2001,14,8
Tunisia,2001,1,3
Turkey,2001,19,9
UK,2001,125,77
USA,2001,631,369
Venezuela,2001,6,2
Argentina,2002,34,22
Aruba,2002,3,1
Australia,2002,24,12
Austria,2002,5,3
Bangladesh,2002,3,1
Belgium,2002,20,16
Brazil,2002,20,16
Bulgaria,2002,5,3
Canada,2002,155,84
Chile,2002,13,6
China,2002,20,8
Colombia,2002,2,2
Croatia,2002,3,1
Czech Republic,2002,19,9
Denmark,2002,28,20
Egypt,2002,19,11
Estonia,2002,6,2
Federal Republic of Yugoslavia,2002,15,5
Finland,2002,15,12
France,2002,221,150
Germany,2002,187,98
Greece,2002,8,4
Hong Kong,2002,46,30
Hungary,2002,19,9
Iceland,2002,6,2
India,2002,121,68
Indonesia,2002,0,4
Iran,2002,12,18
Iraq,2002,4,4
Ireland,2002,9,7
Israel,2002,3,1
Italy,2002,73,43
Japan,2002,65,44
Lithuania,2002,2,2
Luxembourg,2002,11,5
Malaysia,2002,2,1
Mexico,2002,14,8
Netherlands,2002,33,23
New Zealand,2002,4,4
Norway,2002,15,5
Palestine,2002,3,1
Philippines,2002,6,6
Poland,2002,29,19
Portugal,2002,16,16
Romania,2002,8,8
Russia,2002,29,17
Senegal,2002,2,2
Singapore,2002,3,5
Slovakia,2002,3,5
Slovenia,2002,12,4
South Africa,2002,6,2
South Korea,2002,69,52
Spain,2002,81,51
Sweden,2002,25,19
Switzerland,2002,9,7
Taiwan,2002,8,6
Tajikistan,2002,3,1
Thailand,2002,16,11
Tunisia,2002,2,2
Turkey,2002,18,9
UK,2002,163,99
Ukraine,2002,5,3
United Arab Emirates,2002,3,1
USA,2002,669,346
Afghanistan,2003,2,2
Algeria,2003,3,1
Argentina,2003,15,9
Armenia,2003,2,2
Australia,2003,41,23
Austria,2003,12,12
Azerbaijan,2003,6,2
Bangladesh,2003,2,2
Belarus,2003,2,2
Belgium,2003,15,9
Bhutan,2003,3,1
Bosnia and Herzegovina,2003,3,1
Brazil,2003,25,14
Bulgaria,2003,3,1
Canada,2003,96,72
Chile,2003,15,7
China,2003,23,13
Colombia,2003,2,2
Croatia,2003,11,5
Cuba,2003,2,2
Cyprus,2003,3,1
Czech Republic,2003,13,11
Denmark,2003,41,19
Egypt,2003,18,10
Estonia,2003,6,2
Finland,2003,23,13
France,2003,207,130
Germany,2003,157,87
Greece,2003,7,1
Hong Kong,2003,70,32
Hungary,2003,23,11
Iceland,2003,3,5
India,2003,167,104
Indonesia,2003,5,3
Iran,2003,23,13
Ireland,2003,17,7
Israel,2003,8,6
Italy,2003,85,42
Japan,2003,89,47
Lebanon,2003,1,3
Lithuania,2003,2,2
Luxembourg,2003,10,10
Mexico,2003,14,7
Mongolia,2003,2,2
Morocco,2003,3,1
Nepal,2003,1,3
Netherlands,2003,35,25
New Zealand,2003,9,7
Norway,2003,14,6
Peru,2003,3,1
Philippines,2003,10,12
Poland,2003,20,12
Portugal,2003,6,6
Puerto Rico,2003,4,1
Republic of Macedonia,2003,3,1
Romania,2003,8,8
Russia,2003,27,13
Serbia,2003,5,4
Singapore,2003,2,2
Slovakia,2003,2,2
Slovenia,2003,2,2
South Africa,2003,5,3
South Korea,2003,68,44
Spain,2003,91,44
Sweden,2003,38,26
Switzerland,2003,15,13
Taiwan,2003,2,2
Thailand,2003,20,19
Tunisia,2003,4,4
Turkey,2003,26,12
UK,2003,152,83
Ukraine,2003,3,1
USA,2003,521,282
Algeria,2004,1,3
Argentina,2004,29,19
Australia,2004,20,11
Austria,2004,6,6
Azerbaijan,2004,8,2
Bangladesh,2004,6,6
Belgium,2004,29,27
Bolivia,2004,3,1
Brazil,2004,23,21
Bulgaria,2004,6,2
Burkina Faso,2004,2,2
Canada,2004,125,84
Chile,2004,12,8
China,2004,20,9
Colombia,2004,7,1
Costa Rica,2004,2,2
Cyprus,2004,3,1
Czech Republic,2004,32,15
Denmark,2004,18,14
Egypt,2004,24,11
Estonia,2004,8,8
Fiji,2004,1,3
Finland,2004,23,9
France,2004,196,132
Germany,2004,184,112
Greece,2004,16,12
Hong Kong,2004,74,55
Hungary,2004,29,15
Iceland,2004,7,5
India,2004,186,111
Iran,2004,17,8
Iraq,2004,3,1
Ireland,2004,18,2
Isle Of Man,2004,2,2
Israel,2004,12,8
Italy,2004,110,65
Japan,2004,126,100
Kazakhstan,2004,3,1
Latvia,2004,4,4
Lithuania,2004,2,2
Luxembourg,2004,20,12
Malaysia,2004,6,4
Malta,2004,3,1
Mexico,2004,18,14
Morocco,2004,3,1
Netherlands,2004,32,20
New Zealand,2004,12,4
Norway,2004,20,16
Peru,2004,2,2
Philippines,2004,3,5
Poland,2004,12,4
Portugal,2004,13,7
Puerto Rico,2004,2,2
Republic of Macedonia,2004,2,2
Romania,2004,25,13
Russia,2004,48,23
Serbia,2004,10,6
Singapore,2004,8,4
Slovenia,2004,8,3
South Africa,2004,28,12
South Korea,2004,61,45
Spain,2004,97,63
Sri Lanka,2004,7,1
Sweden,2004,30,18
Switzerland,2004,23,21
Taiwan,2004,7,5
Thailand,2004,21,11
Turkey,2004,8,8
UK,2004,185,119
Ukraine,2004,3,1
Uruguay,2004,6,2
USA,2004,609,399
Venezuela,2004,3,1
Vietnam,2004,4,4
Argentina,2005,28,23
Australia,2005,28,16
Austria,2005,21,13
Bangladesh,2005,2,2
Belgium,2005,38,33
Bolivia,2005,5,3
Bosnia and Herzegovina,2005,2,2
Brazil,2005,31,24
Bulgaria,2005,10,6
Canada,2005,114,75
Chile,2005,11,8
China,2005,29,22
Colombia,2005,9,3
Croatia,2005,8,6
Cuba,2005,9,7
Czech Republic,2005,30,14
Denmark,2005,44,24
Dominican Republic,2005,6,2
Egypt,2005,21,8
Estonia,2005,3,1
Finland,2005,31,15
France,2005,196,142
Georgia,2005,2,2
Germany,2005,165,109
Greece,2005,30,22
Hong Kong,2005,40,16
Hungary,2005,15,5
Iceland,2005,17,3
India,2005,172,117
Indonesia,2005,9,4
Iran,2005,29,20
Iraq,2005,3,1
Ireland,2005,12,4
Isle Of Man,2005,1,3
Israel,2005,6,6
Italy,2005,79,52
Japan,2005,144,114
Kazakhstan,2005,3,1
Lebanon,2005,2,5
Lithuania,2005,9,3
Luxembourg,2005,6,6
Malta,2005,5,1
Mexico,2005,25,13
Mongolia,2005,1,3
Morocco,2005,3,1
Netherlands,2005,27,29
New Zealand,2005,13,7
Norway,2005,29,15
Palestine,2005,3,1
Peru,2005,2,2
Poland,2005,15,9
Portugal,2005,4,4
Puerto Rico,2005,3,1
Republic of Macedonia,2005,2,2
Romania,2005,22,14
Russia,2005,59,19
Serbia,2005,3,1
Serbia and Montenegro,2005,6,2
Singapore,2005,7,3
Slovakia,2005,8,4
Slovenia,2005,7,5
South Africa,2005,6,2
South Korea,2005,75,65
Spain,2005,104,73
Sri Lanka,2005,2,2
Sweden,2005,46,34
Switzerland,2005,9,7
Syria,2005,1,2
Taiwan,2005,7,9
Tajikistan,2005,1,3
Thailand,2005,13,12
Turkey,2005,38,21
UK,2005,210,118
United Arab Emirates,2005,3,1
USA,2005,796,475
Yemen,2005,2,2
Algeria,2006,3,5
Argentina,2006,39,27
Australia,2006,37,11
Austria,2006,19,12
Belgium,2006,26,6
Bosnia and Herzegovina,2006,5,3
Brazil,2006,31,19
Bulgaria,2006,9,3
Canada,2006,116,73
Chile,2006,7,5
China,2006,33,21
Colombia,2006,5,3
Croatia,2006,7,5
Cuba,2006,2,2
Czech Republic,2006,30,10
Denmark,2006,26,19
Ecuador,2006,4,2
Egypt,2006,24,15
Estonia,2006,3,1
Finland,2006,15,13
France,2006,211,144
Georgia,2006,2,2
Germany,2006,200,118
Greece,2006,21,13
Greenland,2006,3,1
Hong Kong,2006,57,31
Hungary,2006,37,15
India,2006,207,118
Indonesia,2006,10,10
Iran,2006,23,17
Ireland,2006,12,4
Israel,2006,8,8
Italy,2006,87,57
Japan,2006,145,121
Latvia,2006,7,1
Lebanon,2006,2,2
Lithuania,2006,12,5
Luxembourg,2006,13,3
Mexico,2006,36,20
Morocco,2006,5,3
Netherlands,2006,41,22
New Zealand,2006,12,4
Norway,2006,13,4
Paraguay,2006,2,1
Peru,2006,4,4
Philippines,2006,14,10
Poland,2006,27,17
Portugal,2006,18,16
Republic of Macedonia,2006,6,2
Romania,2006,16,11
Russia,2006,60,27
Saudi Arabia,2006,4,2
Serbia,2006,15,5
Singapore,2006,5,3
Slovenia,2006,4,4
South Korea,2006,133,76
Spain,2006,87,48
Sweden,2006,45,35
Switzerland,2006,21,11
Taiwan,2006,13,3
Thailand,2006,30,14
Tunisia,2006,5,5
Turkey,2006,41,19
UK,2006,198,120
Ukraine,2006,3,1
United Arab Emirates,2006,6,4
Uruguay,2006,3,1
USA,2006,922,516
Venezuela,2006,5,3
Vietnam,2006,1,3
Argentina,2007,40,23
Australia,2007,49,22
Austria,2007,17,11
Bahamas,2007,3,1
Bangladesh,2007,9,3
Belgium,2007,42,34
Bosnia and Herzegovina,2007,3,1
Brazil,2007,29,23
British Virgin Islands,2007,3,1
Bulgaria,2007,13,7
Canada,2007,177,108
Chile,2007,8,12
China,2007,47,25
Colombia,2007,7,5
Croatia,2007,11,4
Czech Republic,2007,22,18
Denmark,2007,50,30
Egypt,2007,22,9
Estonia,2007,21,9
Finland,2007,29,15
France,2007,236,192
Germany,2007,153,106
Greece,2007,15,9
Haiti,2007,2,2
Hong Kong,2007,45,23
Hungary,2007,34,29
Iceland,2007,4,4
India,2007,185,103
Indonesia,2007,10,8
Iran,2007,16,10
Ireland,2007,17,7
Isle Of Man,2007,2,2
Israel,2007,15,9
Italy,2007,82,64
Japan,2007,110,84
Latvia,2007,6,2
Lithuania,2007,2,2
Luxembourg,2007,10,8
Malaysia,2007,3,1
Mexico,2007,38,30
Netherlands,2007,37,29
New Zealand,2007,6,6
Nigeria,2007,3,1
North Korea,2007,1,3
Norway,2007,32,16
Philippines,2007,18,10
Poland,2007,10,10
Portugal,2007,15,9
Puerto Rico,2007,3,1
Republic of Macedonia,2007,1,3
Romania,2007,16,12
Russia,2007,83,40
Serbia,2007,12,12
Slovakia,2007,3,5
Slovenia,2007,1,3
South Africa,2007,14,10
South Korea,2007,82,52
Spain,2007,94,53
Sri Lanka,2007,3,1
Sweden,2007,33,23
Switzerland,2007,14,18
Taiwan,2007,16,12
Thailand,2007,33,21
Turkey,2007,49,24
UK,2007,189,99
Uruguay,2007,2,2
USA,2007,872,501
Vietnam,2007,3,5
Afghanistan,2008,3,1
Argentina,2008,52,35
Australia,2008,52,28
Austria,2008,7,9
Bahrain,2008,3,1
Belgium,2008,39,23
Brazil,2008,39,19
Bulgaria,2008,3,1
Canada,2008,127,86
Cayman Islands,2008,3,5
Chile,2008,13,7
China,2008,47,28
Colombia,2008,1,1
Costa Rica,2008,2,2
Croatia,2008,7,5
Cyprus,2008,2,2
Czech Republic,2008,27,15
Denmark,2008,42,20
Dominican Republic,2008,7,1
Egypt,2008,28,12
Estonia,2008,1,3
Finland,2008,27,21
France,2008,256,186
Germany,2008,232,132
Greece,2008,22,10
Hong Kong,2008,47,29
Hungary,2008,21,12
Iceland,2008,12,7
India,2008,216,105
Indonesia,2008,7,9
Iran,2008,23,17
Ireland,2008,6,6
Isle Of Man,2008,2,2
Israel,2008,25,11
Italy,2008,77,43
Japan,2008,124,108
Kazakhstan,2008,9,3
Kyrgyzstan,2008,1,3
Lebanon,2008,1,3
Liberia,2008,3,1
Lithuania,2008,4,4
Luxembourg,2008,15,9
Malaysia,2008,2,4
Malta,2008,2,2
Mexico,2008,37,23
Morocco,2008,14,6
Nepal,2008,2,2
Netherlands,2008,24,20
New Zealand,2008,6,6
Norway,2008,44,22
Palestine,2008,3,1
Philippines,2008,11,12
Poland,2008,47,30
Portugal,2008,13,7
Puerto Rico,2008,5,3
Romania,2008,24,6
Russia,2008,74,37
Serbia,2008,9,7
Singapore,2008,3,1
Slovakia,2008,3,1
Slovenia,2008,2,2
South Africa,2008,10,6
South Korea,2008,89,51
Spain,2008,71,51
Sweden,2008,45,42
Switzerland,2008,12,4
Taiwan,2008,11,9
Thailand,2008,18,14
Turkey,2008,37,23
UK,2008,200,105
Ukraine,2008,7,5
USA,2008,922,555
Vietnam,2008,5,2
Algeria,2009,6,2
Argentina,2009,38,28
Australia,2009,52,40
Austria,2009,18,18
Belgium,2009,69,43
Bosnia and Herzegovina,2009,6,6
Brazil,2009,43,31
Bulgaria,2009,9,2
Cameroon,2009,3,1
Canada,2009,151,91
Cayman Islands,2009,2,2
Chile,2009,9,5
China,2009,32,11
Colombia,2009,17,11
Croatia,2009,12,8
Czech Republic,2009,20,9
Denmark,2009,49,38
Egypt,2009,20,13
Ethiopia,2009,3,1
Finland,2009,28,16
France,2009,299,219
Georgia,2009,7,1
Germany,2009,208,135
Greece,2009,11,9
Hong Kong,2009,45,22
Hungary,2009,12,7
Iceland,2009,3,1
India,2009,213,110
Indonesia,2009,8,11
Iran,2009,37,31
Iraq,2009,3,1
Ireland,2009,37,21
Israel,2009,19,9
Italy,2009,88,67
Japan,2009,155,98
Kazakhstan,2009,7,3
Lithuania,2009,3,1
Luxembourg,2009,21,9
Malaysia,2009,4,3
Malta,2009,3,1
Mexico,2009,42,28
Moldova,2009,5,1
Morocco,2009,0,4
Netherlands,2009,53,25
New Zealand,2009,15,9
Nicaragua,2009,3,1
Norway,2009,22,13
Panama,2009,1,3
Peru,2009,5,3
Philippines,2009,9,3
Poland,2009,43,27
Portugal,2009,9,7
Republic of Macedonia,2009,2,2
Romania,2009,23,11
Russia,2009,66,33
Saudi Arabia,2009,3,1
Serbia,2009,12,11
Singapore,2009,9,9
Slovakia,2009,6,2
Slovenia,2009,2,2
South Africa,2009,12,8
South Korea,2009,67,50
Spain,2009,88,70
Sri Lanka,2009,4,2
Sweden,2009,30,25
Switzerland,2009,16,15
Taiwan,2009,13,13
Thailand,2009,24,19
Tunisia,2009,3,1
Turkey,2009,65,28
UK,2009,208,112
Ukraine,2009,4,4
United Arab Emirates,2009,3,1
Uruguay,2009,11,1
USA,2009,1070,581
Vietnam,2009,2,2
Algeria,2010,3,1
Argentina,2010,31,28
Australia,2010,59,44
Austria,2010,32,18
Azerbaijan,2010,3,1
Bahamas,2010,3,1
Bangladesh,2010,3,1
Belgium,2010,52,46
Bosnia and Herzegovina,2010,4,4
Brazil,2010,29,18
Bulgaria,2010,11,9
Canada,2010,109,75
Chile,2010,17,7
China,2010,63,30
Colombia,2010,9,3
Costa Rica,2010,2,4
Croatia,2010,4,4
Czech Republic,2010,8,4
Denmark,2010,40,20
Dominican Republic,2010,6,2
Egypt,2010,29,14
Estonia,2010,2,2
Finland,2010,12,11
France,2010,269,206
Georgia,2010,11,1
Germany,2010,144,107
Greece,2010,20,13
Greenland,2010,3,1
Hong Kong,2010,72,52
Hungary,2010,27,17
Iceland,2010,10,6
India,2010,285,143
Indonesia,2010,8,4
Iran,2010,44,24
Iraq,2010,3,1
Ireland,2010,19,9
Israel,2010,8,4
Italy,2010,96,55
Japan,2010,154,117
Kazakhstan,2010,2,1
Latvia,2010,3,1
Lithuania,2010,1,3
Luxembourg,2010,10,6
Malaysia,2010,2,2
Mexico,2010,40,28
Netherlands,2010,37,23
New Zealand,2010,10,6
Norway,2010,31,13
Pakistan,2010,3,1
Philippines,2010,2,2
Poland,2010,54,34
Portugal,2010,10,6
Republic of Macedonia,2010,1,3
Romania,2010,26,14
Russia,2010,61,21
Serbia,2010,20,10
Singapore,2010,5,3
Slovakia,2010,4,4
South Africa,2010,6,6
South Korea,2010,105,43
Spain,2010,82,60
Sweden,2010,51,29
Switzerland,2010,12,4
Taiwan,2010,10,6
Thailand,2010,28,10
Trinidad and Tobago,2010,2,2
Tunisia,2010,3,1
Turkey,2010,49,24
Uganda,2010,3,1
UK,2010,178,94
United Arab Emirates,2010,12,8
Uruguay,2010,2,1
USA,2010,891,526
Venezuela,2010,3,1
Vietnam,2010,4,4
Albania,2011,2,2
Argentina,2011,42,31
Armenia,2011,3,2
Australia,2011,40,32
Austria,2011,22,14
Bangladesh,2011,8,4
Belgium,2011,54,36
Bolivia,2011,3,1
Bosnia and Herzegovina,2011,2,2
Brazil,2011,43,29
Bulgaria,2011,4,4
Canada,2011,186,119
Chile,2011,2,2
China,2011,74,45
Colombia,2011,24,10
Croatia,2011,10,10
Cuba,2011,7,3
Cyprus,2011,2,2
Czech Republic,2011,15,12
Denmark,2011,35,25
Dominican Republic,2011,5,4
Ecuador,2011,5,3
Egypt,2011,12,10
Estonia,2011,3,5
Finland,2011,27,21
France,2011,251,174
Germany,2011,161,126
Greece,2011,26,8
Hong Kong,2011,60,43
Hungary,2011,15,13
Iceland,2011,11,5
India,2011,300,168
Indonesia,2011,14,7
Iran,2011,32,20
Ireland,2011,26,14
Israel,2011,12,12
Italy,2011,96,56
Japan,2011,115,101
Jordan,2011,3,1
Kazakhstan,2011,7,2
Lebanon,2011,7,5
Luxembourg,2011,11,9
Malaysia,2011,13,7
Mexico,2011,39,21
Morocco,2011,4,4
Netherlands,2011,60,38
Netherlands Antilles,2011,1,1
New Zealand,2011,8,5
Norway,2011,38,18
Pakistan,2011,2,2
Palestine,2011,3,1
Philippines,2011,10,6
Poland,2011,44,33
Portugal,2011,10,10
Republic of Macedonia,2011,11,5
Romania,2011,17,6
Russia,2011,80,36
Samoa,2011,2,2
Saudi Arabia,2011,3,1
Serbia,2011,7,5
Singapore,2011,10,2
Slovakia,2011,2,2
Slovenia,2011,12,7
South Africa,2011,14,6
South Korea,2011,69,39
Spain,2011,79,46
Sri Lanka,2011,3,4
Sweden,2011,19,17
Switzerland,2011,15,9
Taiwan,2011,18,10
Thailand,2011,9,10
Turkey,2011,65,42
UK,2011,234,138
Ukraine,2011,12,4
United Arab Emirates,2011,13,15
Uruguay,2011,2,1
USA,2011,929,618
Algeria,2012,2,2
Argentina,2012,39,25
Armenia,2012,4,4
Australia,2012,48,32
Austria,2012,15,9
Azerbaijan,2012,5,1
Bangladesh,2012,10,2
Belgium,2012,73,49
Bosnia and Herzegovina,2012,2,2
Brazil,2012,37,20
Bulgaria,2012,11,8
Canada,2012,171,108
Chile,2012,15,9
China,2012,70,28
Colombia,2012,16,11
Costa Rica,2012,3,1
Croatia,2012,7,9
Cuba,2012,2,2
Czech Republic,2012,8,4
Denmark,2012,32,20
Dominican Republic,2012,10,2
Ecuador,2012,6,2
Egypt,2012,34,21
Estonia,2012,9,7
Finland,2012,32,24
France,2012,262,201
Georgia,2012,4,4
Germany,2012,170,132
Greece,2012,18,6
Honduras,2012,7,1
Hong Kong,2012,43,23
Hungary,2012,19,10
Iceland,2012,3,5
India,2012,284,144
Indonesia,2012,16,12
Iran,2012,36,18
Iraq,2012,3,1
Ireland,2012,17,5
Israel,2012,24,9
Italy,2012,80,52
Japan,2012,118,82
Kazakhstan,2012,3,1
Kenya,2012,1,3
Latvia,2012,4,2
Lebanon,2012,4,4
Lithuania,2012,5,3
Luxembourg,2012,22,19
Macao,2012,2,2
Malaysia,2012,8,1
Mexico,2012,39,24
Moldova,2012,3,1
Netherlands,2012,61,39
New Zealand,2012,7,5
Nigeria,2012,2,2
North Korea,2012,3,1
Norway,2012,33,15
Pakistan,2012,3,1
Papua New Guinea,2012,2,2
Paraguay,2012,3,1
Peru,2012,10,2
Philippines,2012,13,15
Poland,2012,43,22
Portugal,2012,7,5
Puerto Rico,2012,3,1
Qatar,2012,3,1
Romania,2012,13,10
Russia,2012,72,45
Senegal,2012,6,2
Serbia,2012,7,5
Singapore,2012,9,1
Slovenia,2012,6,6
South Africa,2012,16,7
South Korea,2012,83,37
Spain,2012,70,46
Sweden,2012,49,31
Switzerland,2012,11,17
Taiwan,2012,26,24
Thailand,2012,23,19
Turkey,2012,64,24
UK,2012,216,130
Ukraine,2012,9,3
United Arab Emirates,2012,19,11
Uruguay,2012,6,2
USA,2012,1176,692
Vietnam,2012,8,3
Afghanistan,2013,2,2
Albania,2013,2,2
Angola,2013,3,1
Argentina,2013,45,23
Australia,2013,60,31
Austria,2013,6,6
Azerbaijan,2013,2,2
Bahamas,2013,3,1
Bangladesh,2013,12,6
Belgium,2013,93,50
Bosnia and Herzegovina,2013,7,5
Brazil,2013,49,31
Bulgaria,2013,5,3
Canada,2013,171,113
Chad,2013,3,1
Chile,2013,18,16
China,2013,61,30
Costa Rica,2013,3,1
Croatia,2013,12,7
Cuba,2013,6,2
Czech Republic,2013,41,21
Denmark,2013,36,16
Dominican Republic,2013,9,3
Egypt,2013,6,5
Estonia,2013,7,5
Finland,2013,32,24
France,2013,292,196
Georgia,2013,15,5
Germany,2013,189,141
Greece,2013,23,21
Haiti,2013,3,1
Hong Kong,2013,50,32
Hungary,2013,29,12
Iceland,2013,3,5
India,2013,394,206
Indonesia,2013,24,8
Iran,2013,25,15
Iraq,2013,8,3
Ireland,2013,27,17
Israel,2013,25,11
Italy,2013,107,67
Japan,2013,147,111
Jordan,2013,3,1
Laos,2013,2,2
Lebanon,2013,3,1
Lesotho,2013,3,1
Lithuania,2013,11,9
Luxembourg,2013,21,15
Malaysia,2013,9,8
Mexico,2013,19,29
Moldova,2013,3,1
Namibia,2013,3,1
Nepal,2013,2,2
Netherlands,2013,48,26
New Zealand,2013,8,4
Nigeria,2013,2,2
Norway,2013,36,16
Pakistan,2013,13,7
Peru,2013,6,6
Philippines,2013,6,10
Poland,2013,40,23
Portugal,2013,16,12
Republic of Macedonia,2013,4,4
Romania,2013,30,16
Russia,2013,65,38
Serbia,2013,19,9
Singapore,2013,15,10
Slovakia,2013,10,6
Slovenia,2013,17,7
South Africa,2013,19,9
South Korea,2013,94,38
Spain,2013,103,70
Sri Lanka,2013,2,2
Sweden,2013,41,35
Switzerland,2013,28,20
Taiwan,2013,34,17
Tanzania,2013,3,1
Thailand,2013,36,15
Tunisia,2013,2,2
Turkey,2013,103,52
UK,2013,254,137
Ukraine,2013,16,7
United Arab Emirates,2013,8,3
Uruguay,2013,2,2
USA,2013,1243,823
Venezuela,2013,9,11
Vietnam,2013,2,6
Albania,2014,4,4
Algeria,2014,6,6
Argentina,2014,58,38
Armenia,2014,3,1
Australia,2014,50,21
Austria,2014,18,14
Bahamas,2014,9,3
Bangladesh,2014,6,4
Belgium,2014,80,51
Bosnia and Herzegovina,2014,10,6
Brazil,2014,56,41
Brunei,2014,2,2
Bulgaria,2014,14,3
Cambodia,2014,6,2
Canada,2014,173,113
Chile,2014,13,18
China,2014,81,55
Colombia,2014,21,11
Croatia,2014,17,9
Cyprus,2014,2,2
Czech Republic,2014,25,19
Denmark,2014,28,20
Dominican Republic,2014,5,3
Ecuador,2014,2,2
Egypt,2014,13,3
Estonia,2014,1,3
Ethiopia,2014,1,3
Finland,2014,23,21
France,2014,293,225
Georgia,2014,13,7
Germany,2014,180,137
Greece,2014,26,18
Haiti,2014,2,2
Hong Kong,2014,57,33
Hungary,2014,25,15
Iceland,2014,11,5
India,2014,433,211
Indonesia,2014,12,8
Iran,2014,39,26
Ireland,2014,27,25
Israel,2014,25,19
Italy,2014,114,78
Japan,2014,140,132
Kazakhstan,2014,3,1
Kenya,2014,3,1
Kyrgyzstan,2014,2,2
Latvia,2014,6,6
Lebanon,2014,2,2
Lithuania,2014,9,3
Luxembourg,2014,9,7
Malaysia,2014,9,6
Malta,2014,4,4
Mauritania,2014,2,2
Mexico,2014,57,35
Moldova,2014,3,1
Montenegro,2014,9,3
Morocco,2014,5,1
Nepal,2014,3,1
Netherlands,2014,56,37
New Zealand,2014,15,5
Nigeria,2014,7,1
Norway,2014,33,29
Pakistan,2014,4,4
Palestine,2014,2,6
Panama,2014,5,3
Peru,2014,5,6
Philippines,2014,11,13
Poland,2014,48,26
Portugal,2014,22,8
Puerto Rico,2014,3,1
Qatar,2014,3,5
Republic of Macedonia,2014,9,5
Romania,2014,17,5
Russia,2014,62,42
Serbia,2014,34,16
Singapore,2014,12,10
Slovakia,2014,0,4
Slovenia,2014,15,7
Somalia,2014,3,1
South Africa,2014,11,6
South Korea,2014,65,40
Spain,2014,80,54
Sri Lanka,2014,6,2
Sweden,2014,43,40
Switzerland,2014,26,18
Taiwan,2014,22,8
Thailand,2014,42,21
Turkey,2014,80,45
UK,2014,303,164
Ukraine,2014,8,4
United Arab Emirates,2014,10,6
Uruguay,2014,11,5
USA,2014,1192,812
Venezuela,2014,7,6
Vietnam,2014,2,1
Yemen,2014,2,2
Albania,2015,8,4
Argentina,2015,48,28
Australia,2015,62,38
Austria,2015,23,16
Bangladesh,2015,10,5
Belgium,2015,71,48
Bosnia and Herzegovina,2015,7,3
Brazil,2015,47,35
Bulgaria,2015,26,14
Canada,2015,186,136
Chile,2015,21,11
China,2015,107,62
Colombia,2015,22,13
Costa Rica,2015,5,2
Croatia,2015,21,9
Cyprus,2015,3,1
Czech Republic,2015,15,9
Denmark,2015,34,14
Dominican Republic,2015,5,3
Egypt,2015,16,8
Ethiopia,2015,1,3
Finland,2015,14,18
France,2015,284,203
Georgia,2015,6,2
Germany,2015,188,127
Greece,2015,29,15
Guatemala,2015,2,2
Hong Kong,2015,52,46
Hungary,2015,27,21
Iceland,2015,16,7
India,2015,402,204
Indonesia,2015,13,11
Iran,2015,24,23
Iraq,2015,5,3
Ireland,2015,18,14
Israel,2015,19,13
Italy,2015,73,56
Japan,2015,144,123
Jordan,2015,2,2
Kosovo,2015,4,4
Lebanon,2015,8,3
Liberia,2015,3,1
Lithuania,2015,16,10
Luxembourg,2015,3,1
Malaysia,2015,7,1
Malta,2015,2,2
Mexico,2015,64,33
Monaco,2015,3,1
Mongolia,2015,1,3
Montenegro,2015,6,2
Morocco,2015,14,10
Nepal,2015,3,1
Netherlands,2015,68,18
New Zealand,2015,9,3
Nigeria,2015,2,2
Norway,2015,15,9
Pakistan,2015,27,11
Peru,2015,10,5
Philippines,2015,38,30
Poland,2015,24,22
Portugal,2015,9,3
Puerto Rico,2015,3,1
Qatar,2015,11,5
Republic of Macedonia,2015,10,2
Romania,2015,28,15
Russia,2015,72,32
Serbia,2015,22,10
Singapore,2015,10,6
Slovakia,2015,6,6
Slovenia,2015,9,5
South Africa,2015,18,10
South Korea,2015,107,52
Spain,2015,95,72
Sri Lanka,2015,7,3
Sweden,2015,35,33
Switzerland,2015,29,29
Taiwan,2015,26,25
Thailand,2015,16,10
Tunisia,2015,2,2
Turkey,2015,112,70
UK,2015,299,197
Ukraine,2015,5,3
United Arab Emirates,2015,7,1
Uruguay,2015,4,3
USA,2015,1160,826
Vanuatu,2015,2,2
Vietnam,2015,8,5
Afghanistan,2016,6,2
Algeria,2016,0,4
Andorra,2016,2,2
Argentina,2016,55,37
Armenia,2016,6,2
Australia,2016,52,43
Austria,2016,23,21
Bangladesh,2016,24,15
Belgium,2016,95,81
Bolivia,2016,7,1
Bosnia and Herzegovina,2016,6,1
Brazil,2016,49,31
Brunei,2016,1,3
Bulgaria,2016,13,7
Cambodia,2016,15,9
Canada,2016,154,118
Chile,2016,29,17
China,2016,130,84
Colombia,2016,22,17
Croatia,2016,17,7
Cuba,2016,4,4
Czech Republic,2016,22,15
Denmark,2016,52,28
Egypt,2016,12,10
Estonia,2016,19,7
Finland,2016,26,18
France,2016,275,206
Georgia,2016,1,3
Germany,2016,203,153
Greece,2016,26,24
Hong Kong,2016,69,42
Hungary,2016,25,19
Iceland,2016,9,7
India,2016,458,262
Indonesia,2016,14,10
Iran,2016,61,35
Ireland,2016,35,26
Israel,2016,14,10
Italy,2016,87,69
Japan,2016,164,112
Jordan,2016,2,2
Laos,2016,0,4
Latvia,2016,11,9
Lebanon,2016,3,3
Lithuania,2016,40,12
Luxembourg,2016,10,10
Macao,2016,1,3
Malaysia,2016,17,10
Mexico,2016,65,30
Moldova,2016,3,1
Monaco,2016,3,1
Mongolia,2016,2,2
Morocco,2016,3,1
Myanmar,2016,4,3
Nepal,2016,7,1
Netherlands,2016,82,51
New Zealand,2016,9,11
Norway,2016,33,15
Pakistan,2016,15,5
Palestine,2016,3,1
Peru,2016,5,5
Philippines,2016,34,16
Poland,2016,34,26
Portugal,2016,15,12
Qatar,2016,29,15
Republic of Macedonia,2016,7,1
Romania,2016,36,16
Russia,2016,56,32
Samoa,2016,1,3
Senegal,2016,3,1
Serbia,2016,15,8
Serbia and Montenegro,2016,3,1
Singapore,2016,14,10
Slovakia,2016,9,3
Slovenia,2016,8,4
South Africa,2016,11,5
South Korea,2016,71,51
Spain,2016,104,62
Sweden,2016,57,32
Switzerland,2016,15,21
Taiwan,2016,11,15
Thailand,2016,24,17
Turkey,2016,104,50
UK,2016,264,166
Ukraine,2016,3,5
United Arab Emirates,2016,6,6
Uruguay,2016,1,3
USA,2016,1205,864
Venezuela,2016,4,4
Vietnam,2016,2,2
Algeria,2017,3,1
Argentina,2017,50,38
Armenia,2017,1,3
Australia,2017,55,41
Austria,2017,24,20
Bangladesh,2017,5,7
Belgium,2017,118,82
Bermuda,2017,2,2
Bosnia and Herzegovina,2017,11,1
Brazil,2017,61,52
Bulgaria,2017,20,12
Canada,2017,189,121
Chile,2017,15,15
China,2017,120,72
Colombia,2017,17,11
Croatia,2017,17,3
Cuba,2017,6,2
Cyprus,2017,3,1
Czech Republic,2017,14,10
Denmark,2017,42,26
Dominican Republic,2017,7,5
Egypt,2017,18,10
Estonia,2017,9,3
Finland,2017,55,24
France,2017,298,222
Georgia,2017,12,3
Germany,2017,193,127
Greece,2017,21,10
Hong Kong,2017,49,35
Hungary,2017,20,12
Iceland,2017,12,4
India,2017,491,261
Indonesia,2017,40,33
Iran,2017,60,40
Ireland,2017,40,20
Israel,2017,12,4
Italy,2017,103,58
Japan,2017,176,130
Kyrgyzstan,2017,4,5
Latvia,2017,9,3
Lebanon,2017,14,10
Lithuania,2017,21,9
Luxembourg,2017,7,15
Malaysia,2017,13,3
Malta,2017,2,2
Mexico,2017,32,28
Monaco,2017,6,2
Mongolia,2017,2,1
Morocco,2017,7,5
Myanmar,2017,2,2
Nepal,2017,19,7
Netherlands,2017,55,43
New Zealand,2017,11,5
Norway,2017,54,29
Pakistan,2017,17,8
Palestine,2017,3,1
Panama,2017,5,3
Peru,2017,9,5
Philippines,2017,22,18
Poland,2017,55,25
Portugal,2017,13,19
Puerto Rico,2017,2,2
Qatar,2017,18,10
Romania,2017,25,13
Russia,2017,78,64
Serbia,2017,5,3
Singapore,2017,17,6
Slovakia,2017,5,7
Slovenia,2017,9,3
South Africa,2017,29,14
South Korea,2017,104,57
Spain,2017,101,71
Sweden,2017,54,38
Switzerland,2017,27,22
Taiwan,2017,20,20
Thailand,2017,24,18
Tunisia,2017,2,2
Turkey,2017,111,46
UK,2017,366,230
Ukraine,2017,6,6
United Arab Emirates,2017,17,15
Uruguay,2017,1,3
USA,2017,1178,862
Vietnam,2017,0,4
Albania,2018,10,2
Argentina,2018,39,35
Armenia,2018,7,1
Australia,2018,34,29
Austria,2018,28,21
Bangladesh,2018,18,7
Belarus,2018,2,2
Belgium,2018,122,78
Bosnia and Herzegovina,2018,2,2
Brazil,2018,53,31
Brunei,2018,5,2
Bulgaria,2018,6,2
Cambodia,2018,1,3
Canada,2018,152,94
Cape Verde,2018,2,2
Chile,2018,9,7
China,2018,91,43
Colombia,2018,15,9
Croatia,2018,22,6
Cuba,2018,2,2
Cyprus,2018,8,8
Czech Republic,2018,7,5
Denmark,2018,37,30
Djibouti,2018,5,2
Dominican Republic,2018,4,4
Egypt,2018,23,7
Estonia,2018,10,6
Ethiopia,2018,3,1
Finland,2018,28,16
France,2018,257,199
Germany,2018,132,98
Ghana,2018,3,1
Greece,2018,16,7
Hong Kong,2018,47,19
Hungary,2018,21,15
Iceland,2018,9,6
India,2018,478,267
Indonesia,2018,31,19
Iran,2018,55,35
Iraq,2018,3,2
Ireland,2018,23,17
Israel,2018,12,8
Italy,2018,99,68
Japan,2018,106,93
Jordan,2018,3,1
Kenya,2018,2,2
Kosovo,2018,3,1
Kuwait,2018,1,3
Latvia,2018,13,5
Lebanon,2018,8,9
Lithuania,2018,10,6
Luxembourg,2018,11,13
Malaysia,2018,30,14
Maldives,2018,5,2
Mexico,2018,64,46
Morocco,2018,3,1
Myanmar,2018,2,3
Nepal,2018,3,1
Netherlands,2018,50,34
New Zealand,2018,4,8
Nigeria,2018,7,5
Norway,2018,36,24
Pakistan,2018,14,10
Palestine,2018,3,1
Paraguay,2018,2,2
Peru,2018,2,2
Philippines,2018,21,19
Poland,2018,47,29
Portugal,2018,31,12
Puerto Rico,2018,6,2
Qatar,2018,6,6
Republic of Macedonia,2018,7,5
Romania,2018,13,7
Russia,2018,69,39
Senegal,2018,2,2
Serbia,2018,31,9
Serbia and Montenegro,2018,3,1
Singapore,2018,7,5
Slovakia,2018,5,3
Slovenia,2018,2,6
South Africa,2018,6,2
South Korea,2018,77,49
Soviet Union,2018,4,1
Spain,2018,91,62
Sri Lanka,2018,2,2
Sweden,2018,56,40
Switzerland,2018,20,12
Taiwan,2018,9,7
Thailand,2018,13,9
Turkey,2018,106,57
UK,2018,278,157
Ukraine,2018,12,5
United Arab Emirates,2018,16,9
Uruguay,2018,9,7
USA,2018,1056,836
Venezuela,2018,2,2
Vietnam,2018,7,9
Yemen,2018,3,1
Albania,2019,10,6
Argentina,2019,18,7
Australia,2019,26,14
Austria,2019,6,6
Bangladesh,2019,5,3
Belgium,2019,56,48
Bosnia and Herzegovina,2019,2,2
Brazil,2019,20,28
Bulgaria,2019,5,7
Canada,2019,71,36
Chile,2019,5,3
China,2019,61,32
Colombia,2019,3,1
Croatia,2019,6,6
Czech Republic,2019,12,8
Denmark,2019,22,14
Egypt,2019,20,5
Estonia,2019,7,1
Finland,2019,5,3
France,2019,174,110
Georgia,2019,3,1
Germany,2019,72,63
Greece,2019,6,6
Guatemala,2019,3,1
Hong Kong,2019,28,11
Hungary,2019,13,11
India,2019,357,180
Indonesia,2019,23,23
Iran,2019,12,4
Ireland,2019,9,7
Israel,2019,8,4
Italy,2019,43,29
Japan,2019,37,30
Kosovo,2019,4,4
Latvia,2019,7,3
Lithuania,2019,3,1
Luxembourg,2019,8,4
Malaysia,2019,7,5
Mexico,2019,7,9
Netherlands,2019,10,14
New Zealand,2019,9,3
Norway,2019,14,8
Oman,2019,2,2
Pakistan,2019,7,5
Peru,2019,2,2
Philippines,2019,1,3
Poland,2019,20,12
Portugal,2019,17,13
Qatar,2019,11,1
Republic of Macedonia,2019,1,3
Romania,2019,5,7
Russia,2019,28,13
Senegal,2019,3,1
Serbia,2019,9,7
Singapore,2019,4,4
Slovenia,2019,2,2
South Korea,2019,55,23
Spain,2019,51,43
Sudan,2019,3,1
Sweden,2019,27,19
Switzerland,2019,5,3
Taiwan,2019,10,7
Thailand,2019,8,4
Turkey,2019,46,18
UK,2019,159,104
Ukraine,2019,17,12
United Arab Emirates,2019,3,1
Uruguay,2019,6,2
USA,2019,574,390
UK,1927,4,0
Germany,1930,4,0
France,1933,12,0
Soviet Union,1933,4,0
Belgium,1934,4,0
Mexico,1936,4,0
Czechoslovakia,1938,4,0
Soviet Union,1938,4,0
Japan,1942,4,0
Spain,1947,4,0
Norway,1949,4,0
China,1950,4,0
East Germany,1950,4,0
Hong Kong,1950,4,0
Turkey,1950,4,0
Czechoslovakia,1953,4,0
Norway,1954,1,0
Bulgaria,1955,4,0
Romania,1955,4,0
Czechoslovakia,1957,4,0
Poland,1957,4,0
Austria,1959,4,0
East Germany,1959,4,0
Hungary,1960,4,0
Mexico,1960,4,0
Philippines,1960,4,0
Switzerland,1962,4,0
China,1963,5,0
Finland,1963,4,0
Cuba,1964,4,0
Belgium,1965,4,0
Hungary,1966,8,0
East Germany,1967,4,0
Finland,1967,4,0
Ukraine,1967,4,0
Bulgaria,1968,4,0
Georgia,1969,4,0
Liechtenstein,1969,4,0
Poland,1971,4,0
Romania,1971,4,0
Senegal,1971,7,0
Australia,1972,4,0
Colombia,1972,4,0
North Korea,1972,7,0
Hungary,1973,4,0
Tunisia,1973,4,0
Australia,1974,12,0
Taiwan,1974,5,0
Iran,1975,4,0
South Africa,1976,1,0
Finland,1977,4,0
Romania,1977,8,0
South Africa,1977,4,0
Bulgaria,1978,4,0
Mali,1978,4,0
South Korea,1978,4,0
Thailand,1978,4,0
South Korea,1980,4,0
Kenya,1981,4,0
New Zealand,1981,4,0
Nigeria,1981,4,0
Taiwan,1981,4,0
Algeria,1983,4,0
Iran,1983,6,0
Thailand,1983,4,0
Tunisia,1983,4,0
Iran,1984,7,0
South Korea,1984,4,0
Tunisia,1984,4,0
Taiwan,1985,4,0
Vietnam,1985,4,0
South Korea,1986,4,0
Austria,1987,4,0
Ghana,1987,4,0
Namibia,1988,4,0
Peru,1988,4,0
Finland,1989,4,0
China,1990,5,0
Mexico,1990,4,0
Czechoslovakia,1992,4,0
Ukraine,1992,4,0
Puerto Rico,1994,4,0
Romania,1995,4,0
South Africa,1995,4,0
Armenia,1996,4,0
China,1996,8,0
Croatia,1996,4,0
Puerto Rico,1996,4,0
Iran,1997,4,0
Monaco,1997,4,0
Morocco,1997,4,0
Republic of Macedonia,1998,4,0
Venezuela,1998,4,0
Bhutan,1999,4,0
Venezuela,1999,4,0
Belarus,2001,4,0
Bosnia and Herzegovina,2001,4,0
Malta,2001,4,0
Uruguay,2001,4,0
Croatia,2004,8,0
Macao,2005,4,0
Philippines,2005,4,0
Ukraine,2005,4,0
Bhutan,2006,4,0
Kazakhstan,2007,4,0
Rwanda,2007,4,0
Ethiopia,2008,4,0
Guatemala,2008,4,0
Sri Lanka,2008,4,0
Ecuador,2009,4,0
Estonia,2009,4,0
Palestine,2009,4,0
Belarus,2010,4,0
Morocco,2010,4,0
Panama,2010,4,0
Ukraine,2010,4,0
Guatemala,2011,4,0
Vietnam,2011,4,0
Albania,2012,7,0
Mongolia,2012,4,0
Slovakia,2012,3,0
Venezuela,2012,4,0
Armenia,2013,4,0
Colombia,2013,4,0
Kazakhstan,2013,4,0
Morocco,2013,4,0
Syria,2013,7,0
Trinidad and Tobago,2013,4,0
Azerbaijan,2015,3,0
Ghana,2015,4,0
Netherlands Antilles,2015,4,0
Azerbaijan,2016,4,0
Ecuador,2016,4,0
Kazakhstan,2016,6,0
Montenegro,2016,3,0
Panama,2016,4,0
Tunisia,2016,4,0
Uganda,2016,4,0
Montenegro,2017,6,0
Paraguay,2017,4,0
Republic of Macedonia,2017,8,0
Venezuela,2017,2,0
Kazakhstan,2018,4,0
Malta,2018,1,0
Monaco,2018,2,0
Malawi,2019,4,0
Morocco,2019,4,0
Palestine,2019,4,0
